id,Text,Polarity,reply
27405,মানুষ যাচ্ছে কারণ এটায় সিয়াম আছে । তুমি কোনো ফ্যাক্টর না এখানে ।,1,
27406,বুট এর লাথি সহ্য করতে পারলে যান ।,1,
27407,একটা গান খুব মনে পড়ছে এই পোস্ট টা দেখে । মনের দুঃখ মনে রইলো রে বুঝলি নারে সোনার চাঁন চন্দ্র সূর্য যত বড় আমার দুঃখ তার সমান ।,1,
27410,তুই না মইরা গেলি ? আবার জিন্দা হইলি কেমনে ?,1,
27424,হ্যাঁ পারবে কারন তিতলি জবা আন্টির কার্বন কপি,1,
27426,পাপন গাড়িয়া নান্নু গাড়িয়া ফারুক গাড়িয়া মাসুদ গাড়িয়া আকরাম গাড়িয়া সব বলদের বাচ্চারা আওয়ামিলীগের । !,1,
27428,আইজ হোওক বা কাইল আমাগো জবা মা রহস্যের সমাধান কইরা ফ্যালাইবেনই,1,
27429,নেক্সট বিসিএসে খুবই কাজে লাগবে,1,
27430,টিক টক লকডাউন ছলচে ।,1,
27431,আমার এলাকায় ধুমছে ইফতার বিক্রি হচ্ছে হুম অনেক কঠিন লকডাউন পালন হচ্ছে,1,
27433,এইতো জবা হওয়ার প্রচেষ্টা শুরু ।,1,
27442,এই সমস্ত উড়াউড়ি দেখিয়ে কি হবে । সব নাটকের ভেলকি বাজি দেখায় আসলে ভিতরে কিছু ই নাই । টিআরপি কমে যাবে বল বানিয়ে স্টার জলসা খেলতে খেলতে মাঠে থেকে বের করে দিবে খেলা শেষ । ফালতু জলসা ফালতু নাটক ।,1,
27452,টিউব লাইটের ব্যবসা ভালোই চলে তাইলে,1,
27457,মাঝে মাঝে নিজের ফিংগার প্রিন্ট ভুলে যায় আমার নিশ্বাপ মন,1,
27461,এই সাত সকাল বেলা চরকি পাক খায়তেছো ক্যা তুমি ?,1,
27462,পথে এবার নামো সাথী গান গাও শ্রীময়ী । তাহলেই তোমার মেয়ে ফিরে আসবে ।,1,
27463,তিন মিনিটে এখানে তেত্রিশ কমেন্ট বাঙালী অলওয়েজ রকস,1,
27464,এই সব বাল ছাল না দিলেও পারতা,1,
27466,বুইড়া মন্ত্রিদের বাদ দিয়ে দেশের মন্ত্রিত্বের পদগুলোতে আপনাদের মত কম বয়সী সঠিক চিন্তা ভাবনার নতুন প্রজন্মের নেতাদের বসানো হলে দেশ উন্নত হয়ে যেত ।,1,
27467,পরি মনি তুমি একটা কুয়ার ব্যাঙ সাগরে পইরা গেছ তো তাই এতো নোংরামি বাড়ছে সোনা কাটা পরী ।,1,
27474,স্কুল ছুটি গরম গরম রুটি এক কাপ চা সবাই মিলে খা ।,1,
27487,পাবলিক খুব ভালো ভাবেই বুঝে এইসব নাটকের মানে ! এই নাটক বন্ধ না হলে কেনিয়া হইতে বেশি দিন সময় লাগবে না,1,
27494,মোরগরে নিয়া তো এত কথা হয় না সাংবাদিকদের পছন্দ তো ফার্মের মুরগী ।,1,
27495,রুম বা হোটেলে খেলে আর মজা পাচ্ছে না তাই বুঝি আপনি গাছের ডালে আকাশে বাতাসে ভেসে খেলা ধুলা করতে চাচ্ছেন ।,1,
27496,এতো ফালতু আবেগে কেঁদে ফেলছি ভাই ।,1,
27497,এদিকে বসুন্ধরা সিটিতে স্বাস্থ্যবিধি মেনে ধাক্কাধাক্কি করে মানুষ ঢোকার জায়গা পাচ্ছেনা ।,1,
27499,বমবলা উইরা যা ।,1,
27500,মাতাল ক্যাপ্টেনের ফাঁদে বাংলাদেশ মিস ইউ ম্যাশ,1,
27501,আচ্ছা শঙ্খের পকেটে কি কোনো হীরে থাকে যে সেটা পড়ে যাবার ভয়ে হাতটা সবসময় পকেটে ঢুকিয়ে রাখে ? নাকি হাতে কোনো সমস্যা আছে ? প্লিজ জুলু এটা ক্লিয়ার করো আগে ।,1,
27502,ভাইয়া প্লিজ এই জিলাপি থুক্কু জালেবির মধ্যে কি আছে খেয়ে আমাদের জানাবেন,1,
27503,তোমার কচি বউ কোথায় বাবু ?,1,
27508,নষ্টামির একটা সীমা থাকা উচিত এখন ঠেলা সামলাও আপু আপনার সিসি ফুটেজ সহ প্রমান আছে অলরেডি আর টিভি নিউজে দেখাচ্ছে দুইটা বাজে ক্লাবে যাবে মদ খাবে নাচবে আর বিপদে পড়লে প্রধানমন্ত্রীকে মা বানিয়ে ছাড়বে নিজেকে তো ডানাকাটা পরীই মনে করো এখন অদৃশ্য হওয়ার পরিকল্পনা করো পরিমনি,1,
27509,আইন পেটিকোটের গতিতে চলে ।,1,
27511,নিজেই কয় আইডি নাকি হ্যাক হইছে আবার নিজেই ক্ষমা চাচ্ছে । কোনদিন চিড়িয়াখানার দায়িত্ব পেলে তোমারে আনুম খাচাটা বানোরের খাচার সাথেই করুম ।,1,
27518,হুম অন্যরা খাইলে দোষ না । কাকাই একটু খাইতে চাইছে এটাই দোষ ।,1,
27519,নামটারে ফেলুদা বানিয়ে দিলে,1,
27521,না এটা হতে পারে না আমার প্রিয় নায়িকা কষ্টে থাকবে এটা মানতে পারিনা,1,
27523,কুরর মনে ধুই পিড়া পরানে খুঁজের !,1,
27525,বিসিএস ক্যাডার আবার কোরিয়ার কেমনে ?,1,
27530,আয় ভাই বুকে আয় ।,1,
27532,আমি কাউকে দেখলে জ্বলি না ! কারণ আমি নিজেই আগুন ।,1,
27533,ছবি দেখে মাথা ধরে গেল । পকেট থেকে সিগারেটটা বের করে ফরফর করে টানা শুরু করলাম । কিন্তু ভুলেই গেছিলাম আব্বু আম্মুর সাথে বসে আছি । এখন আমি গোয়াল ঘরে বাধাঁ অবস্থায় পরে আছি,1,
27534,বাংলাদেশের ঐশী সালামীর টাকা দিয়ে জমি কিনেছে আর ভারতের তারকাদের ভাতের অভাব কেমনে কি,1,
27535,অবৈধ কত প্রকার ও কি কি ? প্রত্যেক প্রকার অবৈধতার উদাহরণ সহ সঙা এই সময়ে দেখতে পাচ্ছি !,1,
27536,ছাগলের ফেসবুক পোস্ট আমি এক ছাগল ফুলের প্রেমে পাগল বিষম প্রেম মনে তাই ফুলের বনে হৃদয়ে ফুল দোলে মস্ত বড় ভুলে রয়েছি এখন জেলে ।,1,
27538,সাকিব ভাই তুমি বড্ড ই অদভোদ ! পরের মাঠে গিয়ে চিল্লাচিল্লি করো কমিটির টিম কে একাই ধমকায়ে রাখো ! আম্পায়ারদের মুখে উচিৎ প্রশ্ন ছুড়ে দাও ! এভাবে পরে মাঠে গিয়ে বকা দিতে হয় না !,1,
27539,দরবারে সব পাগলের খেলা ।,1,
27544,এটা দেখার বাকি ছিলো ? পেট দেখানোর এতোই যখন ইচ্ছে কোনো কিছু না পড়েই পিক তুলে আপ দিতি বইন ।,1,
27547,দুই গরুকে একসাথে দেখে খুব ভালো লাগল,1,
27551,হলুদ সাংবাদিকতা থেকে উৎসাহিত হয়ে হলুদ তরমুজ ?,1,
27556,চলো আমরা বিসমিল্লাহ বলে মদ খাই,1,
27565,ব্রাহ্মণবাড়িয়ার লোকজনকে ফিলিস্তিনে পাঠানো হোক ইসরাইলের বিরুদ্ধে যুদ্ধ জয় করার জন্য ।,1,
27568,কৃষ্ণের লিপস্টিক লাগানো বেশি হয়ে গেছে,1,
27569,ভাই খুব কষ্ট পাইছি । ভাই আপনি ক্যাপ্টেন্সীর যোগ্য নাহ । প্লিজ অন্যকাউকে দলনেতা বানিয়ে আপনি নির্বাচনের প্রতি এককভাবে মনোযোগ দিন ।,1,
27570,সরিলের পশম সিহরোন দিয়ে বোকের বেতরে হা হা করে উটল হায়রে মাণোস ।,1,
27571,সীমিত৷ আকারে ইফতারের সময় বিরানী দোকান খোলা চায় । দাবীতে বিরানী পাগলা এসোসিয়েট,1,
27573,মানে কম দামে ভালো বাংলাদেশের সাংবাদিক গুলো,1,
27574,ভারত সরকারের করোনা নিয়ে খবর নেই আর আমাদের সরকারের ঘুম নেই,1,
27575,পাগলে কি না বলে ছাগলে কি না খায় । !,1,
27579,যাদের প্রচুর কারেন্ট তারা করে,1,
27580,জিনে লারে চারে ।,1,
27586,পদ্মার পারের ভীড় দেখতে চাই ? সাংবাদিক ভাই,1,
27587,এত মেয়াদোত্তীর্ণ গাজার সাপ্লাই দেয় কে সেই ?,1,
27588,সফল ভাবে আরব টি-টেন লীগ খেলে দেশে ফিরেছেন আমাদের পরি মনি আগামী পাঁচ বছরের ইনকাম খাড়া ।,1,
27589,জুতার দিকে নজর দেই নি । তবে শার্ট একটা মেরে দিয়েছি ।,1,
27590,এখন আর তোমার ঘোড়াতে হবে না উট আনতেছি তোমার জন্যে,1,
27593,সাংবাদিক ভাই মাস্ক পড়ে গোসল করতেন,1,
27594,তুমি কালো হয়ে যাচ্ছো কেনো । ? নিশ্চয়ই সেন্ডালিনা পাচ্ছো না । এখন একটু নিজের টাকায় কিনে লাগাও । আর কতদিন মাগনা পাবা,1,
27595,আমলাদের স্যার বলে মুখে ফেনা তুলে ফেলা জাতির অধিকারবোধ সম্বন্ধে জ্ঞান নেই । এদের সাথে তাই বারবার এমন করলেও কিছু হয়না ।,1,
27596,তোদের মত সুশীল সমাজ ভাসুরের সামনে লজ্জায় পাছার কাপড় মাথায় তুলে ঘোমটা দেয় ।,1,
27597,অসম্ভব সুন্দর পিক । এই পিক দেওয়ার জন্য আপনার জন্য রয়েছে কেয়া কসমেটিক্স লি এর পক্ষ থেকে আকর্ষনীয় পুরস্কার এবং বই । আরও রয়েছে পরিবেশ বান্ধব গাছ এবং ।,1,
27599,আমারে কেউ এক গ্লাস পানি দেরে ভাই ডুব দিয়ে মরি,1,
27602,ওরে দিয়া কিচ্ছু হবেনা এখন একটা বিয়া দিয়ে দাও ।,1,
27605,সার্জারীটা কোথায় আঙ্গুলে নাকি অন্য কোথায়ও । রীতিমতো কনফিউজড করে দিলি ভাইয়্যু । জাতীর সামনে শাক দিয়ে মাছ ডাকা হচ্ছে না ত ।,1,
27609,কুরবানির গরুর মত অবস্থা । কেউ কেজির হিসাব করে না কিন্তু কাটা শেষে মাপ দিয়া দেখে কত টাকা কেজি পড়ল,1,
27611,সারা দুনিয়া যত প্রকার অবৈধ ও ঘুষের কারবার আছে তার মধ্যে সাংবাদিকরা ইনশাআল্লাহ প্রথম হবে,1,
27612,তরে লইয়া আর পারি না পরি,1,
27615,সাংবাদিক ভাই এসব ছবি আপলোড দিয়েন না আমি হঠাৎ দেখে আঁতকে উঠেছি ।,1,
27616,ভুল বুঝাবুঝি মিটে যাওয়া মানেই শঙ্খ মোহরের রোমান্টিক হওয়া । সুরক্ষার জন্য আপাতত কঠোর ভাবে স্বাস্থ্যবিধি মানতে হচ্ছে । তাই ঝগড়া না করুক কিছুদিন দূরে থাকাই ভাল । একটা আপদ করোনা পজিটিভ হয়ে একটা ঠ্যাং ভেঙ্গে একটা অংকের হিসাব মেলাতে ঘরবন্দি । কুটিলতায় ডক্টরেট ডিগ্রিধারী প্রফেসর শ্রেষ্ঠা আর ইবলিস শয়তান ছোটকার জামিন বাতিল করে জেলখানা থালা বাটি কম্বল এই তিন সম্বল ভিজিট করিয়ে আনুন । এই ফাঁকে মোহর শান্তিতে মাস্টার্স পরীক্ষা শেষ করুক । দর্শকরাও কিন্তু গল্পের মোড় ঘুরিয়ে দেয়ার টিপস দিতে পারে । লীনা ম্যাম এদের মূল্যায়ন করে সম্মানিত করতে পারেন বৈকি ।,1,
27618,মনের মাস্ক ই বড় মাস্ক,1,
27630,হু পাছায় থাবড়াই আর পাগলা গরু লেজ তুইলা মুইত্তা দেক,1,
27632,প্রথমে ভাবছিলাম নাইটক্লাবে সাঁতার কাটছে পরে দেখি তিন আন্টি এই ছবি এডিট করছে ।,1,
27633,সরকারি অফিস বছরের পর বছর বন্ধ আর বেসরকারি অফিস শিল্প কারখানা ঈদের দিনেও খোলা রাখার জোর দাবি জানাচ্ছি ।,1,
27634,ডিমের নাটক আন্ডার নাটক,1,
27635,আচ্ছা এই সব শো এর পরিচালকরা কি মানসিক রোগে আক্রন্ত । ? কারোর কাছে ইনফরমেশন থাকলে জানাবেন প্লিজ,1,
27639,তোমরা কি বাল ছিঁড় ? একজনকেই ভয় পাও এক এক টা বাঘে ।,1,
27641,যুবক এর ফার্স্ট এক্সপ্রেসানটা দৌড় খাওয়া কুত্তার মত লাগছে সরি,1,
27642,বাংলাদেশে দাঁতের ডাক্তারের মূল্য কম কেন জানেন ? কারণ বাঙালী থাপ্রায়ে একজন আরেকজনের দাঁত ফালায়ে দেয় ।,1,
27644,করোনার মধ্যে মানুষের আয় রোজগার কমে গেছে এর কারনেই বোধয় বিবাহ বিচ্ছেদ ঘটছে৷,1,
27645,বলছিলাম যে একটা ফোন সৌজন্য করেও বাসায় পাঠাইতে পারো । সৌজন্যবোধ তো নাই তোমার মধ্যে একদম ই যা দেখতেছি ! জীবনে বড় হবা কি ভাবে ?,1,
27649,এখন মিডিয়া পেয়ে গেছে ফরিদ সাহেব রংচং করে অনেক কিছু বলবে প্রথম দিকের নিউজের থেকে প্রতিদিন ফরিদ সাহেবের পক্ষে একটা এক্সটা টান দেখা যাচ্ছে,1,
27650,এবার আপনি রিটায়ার করে নাতি সামলান জবা ঠাকুমা,1,
27652,বেশি করে গো মুত্র খা ।,1,
27654,গামিনী সিলভার পদত্যাগ চাই । এই য়ারের বাচ্চাটার কারনে শ্রীলংকার সাথে আমরা হেরেছি । প্রেশারে আমাদের সাকিবের হাতের এই অবস্থা হয়েছে । বিসিবি বস এখনো কি ঘুমিয়ে আছে ?,1,
27655,আল্লাহ । বাহ কি সুন্দর কথা । তদন্ত করবে ডিবি ডিবির ফরেনসিক বিভাগ নয়ত এফ বি আই । হুদাই একটা কিছু বলতে হবে তাই বলল ।,1,
27656,বিছানা বিছাইয়া দিলাম শাইল ধানের নেরা দামান্দ বও দামান্দ বও ।,1,
27658,বর্ষা এলো জলসায় ডুবে গেলো পাঁচ নয় স্লট খাওয়ালে খিচুড়ি আর ভাজা ইলিশ স্লটগুলোর প্রতি একটু নজর দেও প্লিজ,1,
27660,টাইমলাইনে আসার জন্য এটা এই ভণ্ডের চালাকি,1,
27661,সিরিয়াল টা শুরু হয়ে থেকে জবা একাই সব বিষয়ে লড়াই করে করে জবা এতো মোটা হয়ে গেল । যে জবার মুখটাই কেমন বেঁকে গেল । আরো যদি বছর খানেক চলে তাহলে জবা মনে হয় কমায় চলে যাব । আমি নিশ্চিত ।,1,
27668,কালো টাকা সাদা করুন দুইশো টাকা জিলাপী বাইশশো টাকায় খান !,1,
27669,এইটা খুবই হাইসস্যকর ভাই । আইসক্রিম এর নামে বাটির ভেতর আদা বাটা রসুন বাটা দিয়ে দিছে এখন আপনি আবার উবার পাঠাও ফোন দিয়ে পুলিশ স্টেশনে রওনা দেন,1,
27674,আম্মু রিলেশনে যাচ্ছি ! আম্মু যেইখানে ইচ্ছা যা সন্ধার আগে বাসায় আসিস !,1,
27676,তোমার না মাইগ্রেনের ব্যাথা উঠছে ! মোবাইলের ভেতরে ঢুকে যাও আর টিভিটা গলায় ঝুলায় নাও ব্যাথা সেরে যাবে,1,
27681,শাকিব ডিভোর্স দিলো অপুকে । মাহি ডিভোর্স দিলো অপুকে । পাব্লিক ডিভোর্স দিলো টিকটকের অপুকে । সব অপুরাই আকাইম্মা । অপু তোমার নামটা বদলাও ভাই,1,
27683,ওকি জবা পাঁঠা হোলো কি করে ! ও সরি পাঁঠা তো স্ক্রিপ্ট রাইটাররা । এক কাজ করুন হাড়িকাঠ পাঁঠা ওসব তো ব্যাকডেটেড গিলোটিন নিয়ে আসুন বেশ একটা নতুনত্ব হবে,1,
27697,সারেগামাপা আসলে একটা হিন্দী প্রোগ্রাম কিন্তু মুখোশটা বাংলা সঞ্চালকদের মধ্যেও হিন্দীভাষীরা থাকেন তাঁরা বাংলা বোঝেন না কিন্তু তাঁরাই বাংলা অনুষ্ঠানে আলো করে বসে থাকেন । আর যে সব বাঙালি আছেন তাঁরা বাংলা বলেন কিন্তু হিন্দীকেই উন্নীত করেন বাংলাকে তাচ্ছিল্য করে বাংলা গান প্রায় হয়ই না আর বেশীরভাগ গানই প্রতিযোগীরাই হিন্দি পছন্দ করেন বোম্বেতে প্রতিষ্ঠা পাওয়ার জন্যে । সব মিলিয়ে এই অনুষ্ঠান একটা বাংলা মুখোশধারী হিন্দী অনুষ্ঠান তাই বলি যে মুখোশ খুলে অনুষ্ঠানটাকে একশো ভাগ হিন্দীতে রূপান্তরিত করে ফেলুন,1,
27704,ছাগল দিয়ে তো আর হাল চাষ হয় না ! আমি আগেই কইছিলাম ষ্যাঁড় লর্ড হস্তমিথুন কে দলে নেয়ার জন্যে !,1,
27707,মুখে এডিস মশা ঢুকবে,1,
27708,লেন্ডা লেন্ডা পটো আপলোড করে ছেলেদের শরীরের অবস্থা খারাপ করে দেওয়াকে কি সুস্থ জীবন বলে পরিসোনা,1,
27712,বিদেশি গরুগুলার গজ ই নাই । দেখতে পুরা বেঢপ । আজাইরা দাম ।,1,
27723,হায়রে জমা মা তাদের এক শত্রু যেতে না যেতেই আরেক নতুন শত্রু উদয় হয় বাড়িতে এতো দামড়া দামড়া বেটা থাকতেও সবাই জবা মা কে ভরসা করে আচুদা সিরিয়াল একটা,1,
27726,কমজাত যখন জাতের কিছু পায় তখন হিতাহিত জ্ঞান থাকে না ।,1,
27727,প্রথমে পড়লাম শবনম ফারিয়া বার দিন পর হাগলেন,1,
27735,গতকাল দেখলাম পটুয়াখালীতে ঈদ হয়েগেলো আজ চাঁদপুরে আগামীকাল বাকি বাংলাদেশে এই ইতরামি কি বন্ধ হওয়ার সুযোগ নাই ?,1,
27736,শঙ্খের হাত পকেট থেকে বের করে মোহর এর হাত এ তুলে দিন,1,
27738,আমরা বাংলাদেশি রা একটু বেশি কথা বলি খেলা শুরুর আগেই আফ্রিকা কে বাংলা ওয়াশ করা হইতাছে কিন্তু উল্টো আমরা যদি বাংলা ওয়াশ হয়ে যাই তখন ?,1,
27741,বাইরে বাই ওরে কেউ পাবনায় নিয়া যা না হলে আমাদের সবাই কে পাগল করে ফেলবে,1,
27745,এত সেজেগুজে কে বলি হতে যায় ভাই ? পেছনের লোকটা তো মনে হচ্ছে অফিস করতে করতে হাফছুটি নিয়ে বলি দেখবে বলে চলে এসেছে,1,
27750,পাবনার একটা কথা আছে খাবুলা ত মাহালু হে মানে যা পারিস না তা করিস কেন ।,1,
27752,মানুষ করোনায় মরতেছে আর উনি নাকি হানিমুনে,1,
27755,তদন্ত কমিটি করেই খালাস,1,
27757,ঠাকুর ঘরে কে আমি কলা খাইনা ।,1,
27758,ইসবগুল ভুসি খান ভাই । একছের ক্লিয়ার ।,1,
27759,এক গোয়ালের গাভী,1,
27761,এই পোলাডা আর কি কি করবো কও দেখি ? সবই যদি ও করে তবে আমাগো ন্যাতা মন্তীরগণ কি চিঁড়নের লইগ্যা আসে ?,1,
27764,এহ । যেন মামা বাড়ি আবদার,1,
27765,প্রথম আলো তোমরাই তো বড় হাস্যকর বিনোদন ।,1,
27766,কি সার্কাজম করলি রে ভাই পাব্লিক বুঝলোই না,1,
27770,মোহরকে একমাত্র জবা মা বাঁচাতে পারবে,1,
27773,মধ্য রাতের বিনোদন । এ কি দেখলাম ।,1,
27774,উ মা গু টুরু ল্যাব,1,
27775,যারা এই জালেবি খান তারা যদি একটু তাদের বাড়ির ঠিকানাটা আমাকে দিতেন,1,
27776,এটাও নাকি খবর ।,1,
27780,যেই চোখ দিয়ে নোবেলরে দেখছি ওই চোখ দিয়ে আর ভালো কিছু দেখার আশা করা যায় না ।,1,
27782,কি সব হচ্ছে ! আগে ছাগল বলি দেওয়া হত গলায় জবার মালা পড়িয়ে এ তো দেখছি এবার জবা নিজেই ছাগল হয়ে বলি হচ্ছে ।,1,
27786,গানের নামে অত্যাচার । মাইয়াগুলা কেমনে নাচতাছে আল্লাহ জানে,1,
27788,রিপু এখনো গুমাইতে যাও নাই কালকে আবার শরীর খারাপ করবে বাবু,1,
27790,একজন মাস্ক খুলে হাচি দিয়ে আবার মাস্কটা পরে নিল ।,1,
27794,সুশি খেয়ে বার্গারের বিল দিলে চলবে ?,1,
27798,আমি অনেক ভন্ড দেখেছি কিন্তূ তোমার মতো ভন্ড কখনো দেখিনাই রে ভাই ।,1,
27804,কতো নাটক দেখবো ?,1,
27805,আমরা করোনার চেয়েও শক্তিশালী আপনারা আবার মাঝখান থেকে অন্যকিছু মনে কইরেন নাহ,1,
27806,এতো চুন্দর ফটু আপলুড করার জন্যে ।,1,
27807,কাদের ভাই আপনি আমার প্রিয় ব্যক্তি,1,
27808,বিল গেটস এর ডিভোর্স হইছে আর অমনি উনি পাত্র খুঁজছেন । বুঝি বুঝি সব বুঝি ।,1,
27811,এমনিতেই তো আগুন আর আগুন লাগানোর কি দরকার,1,
27812,অশান্তি মানে কি এমনিতেই অশান্তির শেষ নেই তাতে আবার তিন বউমা ও মা গো টুরু অশান্তি হবে,1,
27814,এই ফাকে মাল টা কিন্তু বাইরে বের হইছে ৷ সবাই হাজী সেলিমের জন্য দোআ করবেন ৷,1,
27816,সময় টিভি আর প্রথম আলোর সাংবাদিকদের অগ্রাধিকার দেওয়া দরকার এরা বিয়ের আগেই এদের যেমন খেয়াল রাখে বিয়ের পরের কথা এখন নাইবা কইলাম ।,1,
27817,পুরাতন মা “মিয়া খলিফা”,1,
27829,গোপন সূত্রে জানা গেছে গতদিনের আলাইনা বাবুর আইসক্রিম সামনে করে ছবি তোলার পরই পুরোটা সাকিব ভাই একাই সাবাড় করে দিয়েছেন । ইসস সাকিব ভাই এইডা আপনি করতে পারলেন ! । আপনার এত্ত বিশাল পাখা আমি এখন দেশবাসীর সামনে কি মুখ দেখামু ? আপনিই কন । আচ্ছা তা না হয় সামলে নিলাম । বাই দ্যা রাস্তা খেয়েছেন ভালো করেছেন এখন দেখেন কেমন পেট খারাপ করে । আমি কিন্তু খাওয়ার সময় মানা করেছিলাম বাবুর আইসক্রিম এভাবে খেয়ে নিলে উপরওয়ালা তা সহ্য করবেন না । এখন দেখেন বুঝেন আমি কিন্তু দায়ী না বলে দিলুম ।,1,
27833,কানাবাতি এখন এই পৃথিবী ছেড়ে নতুন পৃথিবীতে চলে গেছে । এই পৃথিবীর লোকজন কানাবাতি কে এখান থেকে তাড়িয়ে দিয়েছে কানাবাতি তাই নতুন পৃথিবীতে গিয়ে আশ্রয় নিয়েছে ।,1,
27835,কিছু মনে না করলে কি তোমারে বাসায় গিয়ে পিডান যাবো ?,1,
27836,খালামনি হুতি গেছেন দেখি । হাটুর চিকিৎসা না করালে তো অল্পতেই ক্লান্ত হয়ে যাবেন খাম্মা ।,1,
27839,দিঠি ডাক্তার না হয়ে ছোটুর বাড়ির কাজের মাসি হবে,1,
27843,জো বাইডেনের সাথে সাথে সাংবাদিকদের কেউ চিড়িয়াখানায় খাপ খাওয়ানোর জোর দাবি জানাচ্ছি ।,1,
27848,জামালপুরের ডিসি ফেনীর সিরাজুদ্দৌলা ও ওসি মোয়াজ্জেম কক্সবাজারের বাবা বদি সাধনা ভাবী আপন জুয়েলার্স বরগুনার মিন্নি টেন্ডার কিং জি কে শামীম ক্যাসিনো খালেদ ও সম্রাট চট্টগ্রামের এমপি শামসুল সানাই মাহাবুব সেফুদা আসাদ পংপং পাপোন্দা সর্বশেষ সে দিন ভোওওরে মিথিলার পক্ষ থেকে জানাই আন্তরিক অভিনন্দন ও শুভেচ্ছা ।,1,
27851,তোমার হ্যাডার উপর আগুন দিতে হয় ।,1,
27853,চিন্তার কিছু নাই বলে দেন তারেক রহমান টিকা আটকে রেখেছে ।,1,
27867,তোমরা তো সাংবাদিক নামের সাংঘাতিক,1,
27868,এ ভাই চাঁদ রাত ফালাইয়া তো জবাইয়ের রাত এসে পরল সল্ট বে কি এখনো লবণ কুড়াচ্ছে ?,1,
27869,ডিপজল এর মাথায় কামান ধরে আমি একটা কথা বলতে চাই । ব্যরিস্টার সুমনের দল,1,
27872,মাস্ক না পরা দিবস আসবে কবে ?,1,
27873,সামনে থেকে সরে দাঁড়ান আমাকে একটু দেখার সুযোগ দেন ।,1,
27875,শালা জীবনটা কাইশ্যার মত হয়ে গেছে,1,
27876,এখানে অনেকেই তেল মেরে পরিকে নিয়ে হোটেলে যাওয়ার চান্স নিতে চাইবে সাবধান পরি আপা আমনে হেগো কথায় কান দিয়েন না আমি কিন্তু ভালো মানুষ,1,
27877,খোঁজ নিয়ে দেখেন ইউএনও কোটাতে চাকরী পাইছে,1,
27882,শিক্ষা বর্ষের সেশন জট শুনতে শুনতে এখন নতুন শব্দ সিনেমা জট যুক্ত হয়েছে ।,1,
27883,পরীমণি এই সুযোগটা কাজে লাগাতে পারে । সুগার সুগার সুগার ড্যাডি । এর চেয়ে বড় ড্যাডি পাওয়া যাবে না ।,1,
27885,জ্বি । কঠোর লকডাউন হবে ভাতিজা । শুধু মাস্ক আর সামাজিক দূরত্ব বাদে ।,1,
27887,গুন গুন গুন গুন গুন গুন ভ্রমরা রে ও ভ্রমরা উইড়া যাস কোন বনেএএএ জরির পাতার শব্দ শুনে মন বসে না ঘরে ভ্রমরা রে বলছি যে জুলু কাক্কু তোমার এই বাতাস গুন গুন আর ভালো লাগে না আর কত ভ্রমর আনবে এবার নতুন কিছু হোক সেই কবে থেকে ভালোবাসার রং লাগাবে দেখছি এখনো নাম নেই রং লাগানোর অবশ্য রং লাগানোর কোনো ইচ্ছে নেই আমার আগে যেই রং লাগলো অগুলো এখনো উঠেনি লেবু হারপিক সাবান ডেটল নং ওয়ান সাবানক্যায়া সাবান জনসন'স বেবি লোশন এমনকি সার্ফ দিয়ে ঘষলেও কোনো কিছুতেই কাজ হচ্ছে না,1,
27888,হাস্যকর আমাদের টিম ম্যানেজমেন্টের সিদ্ধান্ত । এমনই পাগল আমাদের বিইইই সিইইই বি !,1,
27889,একেই বলে সুপারস্টার নোবেল । ভুল করবে ক্ষমা চাইবে । গালাগালি খাবে আর পোস্ট করবে । মাগার জীবনেও শুধরাবে না ।,1,
27890,কেঁচো খুরতে যেয়ে যদি সাপ বের হয় তাহলে সাপ না মারা পর্যন্ত দম ফালানো ঠিক নয় ।,1,
27893,যখনই ভাবি রাগ কমাবো ইতিমধ্যেই প্রথমালুর আবাল সাংবাদিকদের পোষ্ট দেখে রাগ কমবে তো দূরের কথা তা যেন আর হাজার গুন বেড়ে যায়,1,
27897,ফাইন এবার আপনারা কারো অনুমতির ধার না ধাইরা ভাংগা ফালান,1,
27899,দিঠি আছে তো বাদবাকি ন্যাকামি টা ওই করে দেবে,1,
27900,ভাইরে নিজের মনে করে নিয়ে গেছে । এসি আর কার্পেটতো সবাই ক্ষমা সুন্দর দৃষ্টিতে দেখি,1,
27904,ঢপ এর চপ এমন ভাও খাচ্ছে যেনো বোকাচোদার সিরিয়াল,1,
27909,বুঝছি তুমি দুবাই গেছো ভালো শপিং করেছো ঘুরছো খাইছো । এইবার অফ যাও,1,
27910,ধন্যবাদ বাস্তবতা তুলে ধরার জন্য । আসছে করোনা আবার দেখাবে তার আসল খেলা । খেলা হবে এবার করোনারই । আমরা খালি গোল খেয়ে পেট ফুলে শুয়ে উপরের যাওয়ার ফ্রী টিকিট কেটে নিবো ।,1,
27917,ভাই আপনি বহুত চালাক বলছিলেন ননুবেল রে নিয়ে রোস্ট করবেন না এখন যখন দেখলেন তারে সবাই রিজেক্ট করছে এখন রোস্ট করতেছেন ।,1,
27920,এসব নিউজ দেখলে আমরা যারা বিয়ে করিনাই তারা ডিপ্রেশনে পড়তেছি । সাতাশ বছর সংসার করার পর এখন বলে মিলতেছে না । ইয়া আল্লাহ আমাদের কি হবে ?,1,
27921,আয় মোদি দেখে যা মমতার ক্ষমতা !,1,
27922,বঙ্গবন্ধুর ভাস্কর্য বানানোর পর যদি একটু রড সিমেন্ট বাচে তাহলে ওনার পাশে পরি মনির একটা ভাস্কর্য বানানোর দাবি জানাচ্ছি ।,1,
27923,আমাদের দুজনের এই পিক ভাইরাল করলো কেডা ।,1,
27925,এদেশের পোলাফান গুলো এরকমই যেই রকম এই দেশের সরকার !,1,
27926,বাচ্চাদের মত পেন পিনছে । পেনের উপ্রে মশারি । বাসায় কয়েল নাই ?,1,
27931,মানে যেরকম ছবিই দেয়া হোক না কেন হা হা থাকবেই,1,
27932,এখানে সবার কমেন্ট দেখে যাহা বুঝবার পারলাম আমি ই সেই একমাত্র পাপী ব্যক্তি যে কিনা সেমাইয়ের কিসমিস বাদাম টোকাইয়া খায়,1,
27933,এইরকম প্রয়োজনীয় নিউজ বাংলাদেশের মানুষ দেখতে চায় না । এই সব নিউজ দিয়ে বাংলাদেশের মানুষের প্রচুর উপকার করে ফেলছেন,1,
27939,ভাত পায় না চা খায় হোন্ডা লয়ে হাগতে যায় ।,1,
27942,খেলোয়াড় যখন ব্যবসায়ী,1,
27945,গ্রামের রানী বীনাপানি কি পারবে স্টার জলসার অমুক কি পারবে তমুক কি পারবে এই ট্যাগ লাইনকে পাল্টাতে,1,
27947,গাঁজা খাইলে সবি সম্ভব,1,
27953,মাঝে মাঝে তোমারে দেখলি পড়ি জানো খুব বিড়ি খাইতে ইচ্ছা করে !,1,
27956,ব্রেকাপের আগে করসিলাম এখন যদি ব্রেকাপের পরে করতে চাই তাহলেই দোষ ? তাইলে ব্রেকাপের আগে করতে দিয়া নেশাটা ধরাইসিলা ক্যান ? বাই দা ওয়ে আমি কিন্তু ভিডিওকল এর কথা বলতেছি ! ভিডিওকল করসিলাম আরকি এক্সরে,1,
27963,যেইভাবে ডাক ঢোল পিটিয়ে এই নাটক টা আসতেছে নাকি আবার তাড়াতাড়ি ডাক ঢোল পিটিয়ে বিদায় নিতে হয়,1,
27965,হাওয়া দেখি বাতাস খাই । মারজুক,1,
27970,ক্যাচ মিস না দিলে দামাল ছেলেদের পেটের ভাত হজম হবে কি করে,1,
27973,গল্প আর আপনাকে শুনাইতে হবেনা । কমেন্ট সেকশনে একেকজন যে গল্প শুনাইতেছে । আগামী বই মেলায় বই পাবলিশ করেন৷,1,
27974,আর বেরোনোর দরকার নাই দয়াময়ী শ্রীময়ীর ফাঁসি চাই,1,
27982,বিল গেটস বিশ্বের এক নাম্বার ধনীদের তালিকা থেকে সরে যাওয়াতেই কি এই বিচ্ছেদ ?,1,
27984,এটা আমি জানি বাট বলবো না কারণ আমি জানি এটা বললে রুটির বালও ছেঁড়া যাবে না ।,1,
27988,রোজা শেষ মাইর শুরু ঠাপা ঠাপ ঠাপা ঠাপ ৷,1,
27990,আজ কোনো শ্বাশুড়ি নেই বলে মা দিবসের শুভেচ্ছা জানাতে পারলাম না,1,
27991,স্টার জলসা বড্ড দয়ালু দুই জগৎ কে এক জগৎ বানিয়ে দেয়,1,
27992,সত্য কথাটা মুখ ফসকে বেরিয়ে গেল । মানে সাংসারিক জীবনটা ও অভিনয় । কিছুদিন পর মিথিলা ক্লাবে ভর্তি হবে তিসা ।,1,
27993,জয়ের অনুভূতিতে দিদির আংটি আঙ্গুলে ঘুরে গেছে,1,
27995,বাঙ্গালী দেখেছ কিন্তু বাংলা ওয়াশ দেখ নাই ।,1,
28001,এখন অনেক ছেলেই এখানে এসে বলবে ডানে গরু বামে খাসি জয়া তোমায় ভালোবাসি ।,1,
28002,জবা করো না ভ্যাকসিন আবিষ্কার করতে এত লেট করছ কেন,1,
28013,দেশে হাঁসের ডিমের খুব কদর । মাঝে মাঝে ঘোড়ার ডিমের বদলে হাঁসের ডিম দিলেও পারেন,1,
28016,এইসব প্রাণীগুলো স্বাস্থ্য মন্ত্রণালয়ের মত একটা গুরুত্বপূর্ণ মন্ত্রণালয়ের দায়িত্ব কিভাবে পায়?,1,
28018,গোসল করাতে হবে না হলে পাপ হবে,1,
28020,সময় টিভির বিরুদ্ধে এত অপপ্রচার চালিয়েও ডায়মন্ড বাটনটা ঠেকানো গেলো না ।,1,
28023,দালালির পরিণতি এমনই হয় । দালাল সাহেবান সাবধান !,1,
28024,বুবলীও একজন অভিনেত্রী আর তেলাপোকাও একটা প্রাণী ।,1,
28025,ভাজা মাছটি উলটে খেতে জানে না ।,1,
28028,মুখের এক্সপ্রেশন দিয়া লাভ নাই তো আফা মুখ তো দেখা যায় না ।,1,
28036,মুখে চুন কালি মাখাইয়্যা ম্যাথর পট্টির জুতা মালা গলায় পরাইয়্যা গাধার পিঠে চড়াইয়া সারা দেশ ঘুড়ানের দাবি করছি,1,
28037,আমি অবিবাহিত ! এই পোস্ট দেখে নিজের রুমে একা একা হাসতেছিলাম । হাসার সাথে ঘরের খাট কাঁপছিলো বাসার পাশের রাস্তা দিয়ে পাশের বাড়ির কুদ্দুস চাচা হেটে যাচ্ছে আর খাটের আওয়াজ শুনে বলছে নাউজুবিল্লাহ নাউজুবিল্লাহ । অবিবাহিত ছেলে । কুদ্দুস চাচা আমার হাসি দেখে কী জানি ভাবছেন দয়া করে এমন পোস্ট দিবেন না আর,1,
28040,তোর জন্যে আমার পরান ডা কান্দে রে,1,
28046,ওগো নিরুপমা একটি চরম হাস্যকর ও ফালতু সিরিয়াল ।,1,
28047,আর্জেন্টিনা মানুষ হইলে বলা যেত খুবই শিক্ষিত লোক পরিবার পরিকল্পনা পদ্ধতি মেনে চলে । দীর্ঘ আঠাশ বছর পরে সন্তান নিছে ।,1,
28051,শ্রীময়ী কে অবিলম্বে ন্যাকাশ্রী পুরষ্কার দেওয়া হোক ওর ন্যাকামি জাস্ট আর নেওয়া যাচ্ছে না,1,
28052,এই সব সিরিয়ালের জন্য আমি টিভি দেখতে পারি না,1,
28055,হুদাই আগলা ফেশন ধরবেই ! মেয়েরা যে কেন ভালো ছেড়ে প্রতিবন্ধীদের মতো হতে চায় আমি বুঝি না । সত্যি বলতে এটাই সাইন্স,1,
28057,এই জালেবির সাথে কি রেশমি নামে কোন মাইয়া ফ্রি ?,1,
28058,সবসময় তো করিনা আর একটা দিনেরই তো ব্যপার,1,
28061,এবং লোগোর নিচে ক্যাপশন চলো পাল্টাই সবই মায়া !,1,
28065,আশ্চর্য কয়দিন আগে এফবিসিসি আই এর হেলেনা জাহাঙ্গীর পোস্ট দিলেন আলমগির মারা গিয়েছে ।,1,
28066,তাহলে জানতে পারবি পীরবাবা দেশের হয়ে কি অর্জন করেছে কতবারই আন্ডা মেরেছে ।,1,
28067,তেল মারাতে আপনি এক্সপার্ট এই জন্য এখন তেল এর দাম খুব বেশি বাড়ছে,1,
28068,এই সিরিয়ালের নাম “সাজের বাতি” না দিয়ে “কানার বাতি” রাখতে পারতো প্রথমে বর কানা হলো তারপর বউ তারপর মেয়ে,1,
28069,একজন হার্টের রোগী নিয়ে ময়মনসিংহ যাচ্ছিলাম হার্ট বিট কাজ করছিলো না আপনার ছবি দেখে উনার হার্টবিট ফিরে এসেছে আপনাকে ধন্যবাদ জানিয়েছেন উনি !,1,
28070,সৌদির বাদশা হাত তুলে দোয়া করছে আপনার হেদায়েতের জন্য ।,1,
28073,সাব্বির কিসের জন্য খেলে আমি বুঝিনা সাব্বির কে কেনিয়ায় পাঠিয়ে দাও সে কেনিয়ার যোগ্য খেলোয়াড়,1,
28076,জিতলে গামিনি ভালো হারলে খারাপ আজব কাহিনি ।,1,
28077,সিরিয়াল বিশেষজ্ঞ দিদি মনিরা ঝাঁপিয়ে পড়ুন,1,
28078,তোমারে দেখলে সীমিত পরিসরে প্রেমের উদয় প্রতিটি সুস্থ ছেলের মনে জয়া ।,1,
28079,কোন রিপোর্টার এরকম নিউস করলি রে ? তোর চাকরি করতে হবেনা তুই শ্রাবন্তির পরবর্তী স্বামী হবি । চাকরিচ্যুত করবো তোরে ।,1,
28082,এমপি সাহেব মলম বিক্রি করা বাদ দিয়ে কিভাবে সামনের টেস্টে সম্মান জনকভাবে হারা যায় সেই ব্যবস্থা করেন ।,1,
28086,ভাই আপনি দেহি ভাবীর চেয়ে বেশি সুন্দর হয়ে গেছেন । ! এই সুন্দর হওয়ার রহস্য কি বলুন । কি ম্যাকাপ ব্যবাহার করেন যদি বলতেন তাহলে আমাদের মতন কিছু ছেলে যদি প্রেমের জগতে ডুকতে পারতো । !,1,
28089,নতুন বিচির আগমন এর শুভেচ্ছা রইলো ۔۔۔,1,
28111,বাংলাদেশ ক্রিকেট টিমের জন্য আমার কাছে থেকে এক এক টি জুতার মালার উপহার রইল তোমরা বাংলাদেশে আসলেই দেওয়া হবে সাবাস বাংলাদেশ এগিয়ে যাও । ভবিষ্যতে এর চেয়ে ভাল কিছু উপহার পাবে,1,
28112,করোনা কি অমিত শাহকে ধরতে পারেনা । উগ্র পন্থী নিপাত যাক ।,1,
28113,ভাইসাব বউয়ের ঠেলা খাইয়া বউয়ের নামে প্রশংসা করতেছেন বুঝছি ।,1,
28120,মনের লকডাউনেও তলে তলে টেম্পু চলে,1,
28122,হেগো লাইগা আইনকানুন আছে নাকি ?,1,
28125,এসব মেহেদী দিয়ে কতো নামাজ পড়েছি হিসাব নেই ।,1,
28126,এইবার সীমিত পরিসরে ডিম থ্যারাপি দেয়া হোক,1,
28128,মুখে মিষ্টিওয়ালা পিক ছাড়া এ আমি বিশ্বাস করিনা !,1,
28129,বাংলাদেশে এরকম হাফ প্যাণ্ট পরে রোজা খুললে পাছায় লাথি জুটত৷,1,
28138,হ হ এদের দ্বারাই সবকিছু করা পসিবল । আমাগো দ্বারা হইতো নো ।,1,
28149,মহাকাশ বিজ্ঞানী হয়ে জবা রকেট করে চাঁদে যাবে কি না অধীর আগ্রহে পরবর্তী এপিসোডে অপেক্ষা করে আছি ।,1,
28150,ঘুম থেকে উঠে এই পোস্ট দেখে দুঃখে আবার ঘুমিয়ে গেলাম,1,
28151,ছবিতে কি উনি নায়িকা না নায়িকার মা ? কয়দিন আগে ছেলে বিয়ে দিলেন তো ।,1,
28153,পাপুন্দার পক্ষ থেকে শুভেচ্ছা ও অভিনন্দন,1,
28157,পাবলিক হুদাই পরি আপুকে ভুল বুঝতেছে । রাতের বেলা হঠাৎ পরি আপুর ঝালমুড়ি খেতে ইচ্ছে করতেছিলো মুড়ি বানানোর জন্য সকল পন্যই ঘরে পেলে কিন্তু সরিষার তেল পাচ্ছিলো না । বাহিরে গিয়ে মোদির দোকান সব বন্ধ পাওয়াতে সে রাতে সরিষার তেল আনতে একটা রেষ্টুরেন্ট এ যায় । সেখানে এই নাসির ও তার সাঙ্গোপাঙ্গোরা দুষ্টু পানি খাচ্ছিলো । পরী আপুর হাতে সরিষার তেল দেখে ঐ বখাটেরা ভেবেছিলো পরি আপুও দুষ্ট পানি খাচ্ছে । এজন্য তারা তার উপর ঝাপিয়ে পড়ে । যখন পরি আপুর হাত থেকে শিশিটি ছিনিয়ে নিয়ে এক ডোগ মারলো তখন দেখে এটা দুষ্টু পানি না । সরিষার তেল । তাই নাসির শয়তান সরিষার বোতলটি পরী আপুর কোথায় জানি ঢুকিয়ে দিয়েছিলো । সূত্র গতকালকের ভিডিও বার্তা ।,1,
28158,আমি কিন্তু এই পেইজের টপ ফ্যান । পরিমনি ? ট্রিট কই আমার ?,1,
28160,চারু চন্দ্রিমা বাবলি অনুশ্রী আমেনা রাধিকা মা গো মা এটা কি যেমন খুশি তেমন সাজো প্রতিযোগিতা,1,
28161,গতকাল প্রধানমন্ত্রী কে মা ডাকলেন তার কাছে বিচার চাইলেন এখন আবার আইনশৃঙ্খলা রক্ষাবাহিনীর প্রতি শ্রদ্ধা দেখায়তেছেন আপনি আসলেই একটা মাল সিনেমা না করে রাজনীতি করেন মার্কেট আরও ভালো পাবনে,1,
28163,রোহিতকে শ্রীময়ীর জীবনসঙ্গিনী হিসেবে দেখতে চাওয়া আমার নিষ্পাপ মন,1,
28169,সব গুলাই চুক্কা চুক্কা,1,
28180,দাদা অনর রেসিপি এগিন দেখি আত্তুন তরমুজর চেয়ারাও আর চাইতু মনে ন হর হারণ আই এক্কেরে তরমুজ ন হাই তার মধ্যে তরমুজর এতাজ্ঞিন রেসিপি অনে ক্যানে পারন হাইত বদ্দা এয়েন আই ন বুঝিরকিন্তু বদ্দা রান্না এগিন আবার বউদ সুন্দর অইয়ি ।,1,
28183,এইটা একদম একটা বাস্তব কথা বলছেন,1,
28184,সব আছে শুধু ফকিন্নির মতো দেখতে ।,1,
28192,এদিকে নামতা পারলেও ব্যঞ্জনবর্ণ ভুলে যাওয়া আমি ।,1,
28193,একটি বিয়ে সারাজীবনের কান্না । আপনার শত্রুকে ভুলিয়ে ভালিয়ে বিয়ে করিয়ে দিয়ে প্রতিশোধ নিন,1,
28201,ভেঙ্গে যাবে সংসার তবু ভাঙবে না জনি স্যার এর ফার্নিচার ।,1,
28202,প্লটন মোরে ঢাকা ট্রিবিউনের এই সাংবাদিকরে দেখলাম লুঙ্গি উচাইয়া দাঁড়ায় আছে ।,1,
28204,আমাকে কেউ ডলে দিলো না আর আমিও কাউকে ডলে দিতে পারলাম না আফসোস,1,
28205,একজন এনামং এর ভক্ত হিসেবে আমি এটা মেনে নিতে পারছি না এনাম ভাই আমাদের আমাদের ষোল কোটিই মানুষের গর্জন । এনাম ভাই এর কিছু হলে জলবে আগুন ঘরে ঘরে এনাম ভাই চিন্তা নাই এগার তারিখে খেলে দিবো আমরা,1,
28215,কমেন্ট পরতে আসছি,1,
28216,তাই উড়তেছিল আর ফলাফল যথারীতি বেশি উড়লে যা হয় ।,1,
28219,যাক বার পাঁচটার মধ্যে রাস্তায় বের হইলে পুলিশে ধরলে বলবো বই মেলায় যাই,1,
28221,সৃজিত নামটা এক পাঁচ এক বার পড়ে পানিতে ফু দিয়ে সেই পানি দিয়ে সুসু করলে বিপদ কেটে যাবে আপু । প্লিজ ট্রাই করেন দেশে এসেই ।,1,
28229,দিদির চিরযৌবন চাইলো তখন দাদা যদি বুইরা হয়ে যায় !,1,
28230,জবার শিষ্য সে অবশ্যই পারবে পারতে তাকে হবেই,1,
28235,মাত্র তিন টা বেনসন সিগারেট খেয়ে কিছুটা ডিপ্রেশন কাটিয়ে ফেসবুকে আসছি ষাড় এর গান শুনে আমি ফের ডিপ্রেশনে !,1,
28237,পিপিই পড়লে কি রবিনহুড হওন যাইব ? যদি । যদি পিপিই পইড়া ক্লাস নিই তইলে ?,1,
28239,যাইতে বললে বলে যাইতেছি কিন্তু পাঁচ মিনিট পর ঠিকই আবার আসমু । এইটা কোন কথা ?,1,
28241,দুদিনের ভিখারি ভাতেরে কয় অন্ন ।,1,
28247,মেও ভাই আজকা সেই গর্জন করেছে একেবারে বিড়ালের বাচ্চার মত,1,
28249,নান্নুর ছাগলামি দিন দিন বেড়েই চলেছে,1,
28257,আজ বৃহৎ শিল্প প্রতিষ্ঠান এর এমডির সাথে পরিচয় নেই বলে ।,1,
28259,তোমার মতো নাতনী থাকলে নানা তো বাচ্চা হবেই,1,
28261,কোন কাজ করার আগে বউয়ের সাথে পরামর্শ করি তাই সমাজ আমাকে নাম দিয়েছে কাপুরুষ ।,1,
28262,যাহারা এই কাজের সাথে জড়িত তাহারা তো কাজ শেষ করেই কানাডার বেগম পাড়ায় চলে যাবে । আপনি আমি মরলে তাদেরতো কিছু যায় আসেনারে ভাই ।,1,
28264,একজন না দেখেই লাভ দিসে মেবি ।,1,
28266,কিন্তু যখন সুন্দর ভাবে না দেয় তখন তো ছিনতাই ই করতে হবে নাকি ?,1,
28267,পীরবাবার সাতটা সার্জারি না হলে পীরবাবা পঞ্চাশ বার পাঁচ উইকেট নিতেন,1,
28271,শিক্ষা ব্যবস্থায় ব্যাপক পরিবর্তন আসছে । থাকবে না আর লেখাপড়া,1,
28272,চেহারাতো শুটকি মাছের মতো ভেটকিয়ে গেছে এখন কি তাহলে তাহসানের মত খাবার টাবার দেয় না কেউ ।,1,
28275,এটেনশন শিকার এখন আন্তর্জাতিক এটেনশন পাইছে ।,1,
28276,এখানে দেখি সাদা সাংবাদিকরা ম্যাগাজিন বের করে পরীমনি কালা জাতি কোনটা বিশ্বাস করবে,1,
28280,গরুরে আমি আনফলো করসি তারপরেও তোর পোস্ট আমার নিউজফিড এ আসে ক্যান,1,
28290,মাঝে মাঝে খাতা কলমে লিখতে ব্যাকস্পেস বা ডিলেট বাটন খোঁজা আমি ।,1,
28296,পরমব্রত না কি যেনো নাম খেলা হবে বলতেছে কথায় কথায় । ওরে নাগিন ড্যান্স দিতো বইলেন আমরা বাংলাদেশ থেকে হাততালি দিবো ।,1,
28297,গরুর মুত্র খেয়ে পাগল হয়ে গেছে ।,1,
28299,তাহলে কি পূন্টুর ফুলসজ্জা হবেনা জলু ?,1,
28303,হ্যাঁ জবা সবই পারবে । কারণ জবা এখন ফুলের রাণী ।,1,
28305,কি দেশে আছি ভাই,1,
28307,আধুনিক যুগে ব্যালটে ভোট দিয়া আবার ছবি দেয় ! আমরা ইভিএম এ দিয়াও তো একটু টু শব্দ করি নাই !,1,
28308,ভাই টক্সিসিটি দেখাইয়েন নাহ । আপনাদের মতো টক্সিক ফ্যানের কারণে ব্রাজিল ফ্যানরা ট্রল হয় ।,1,
28310,আবির কে আমার ভাল্লাগছে আবির কে আমার চাই ই চাই । নাহলে আমি কেরোসিন খেয়ে সুইসাইড করবো,1,
28311,হাসতে হাসতে আমি শেষ আমার ছোট ভাই আজ আমাকে বলেছে ভাইয়া চলো সার্কাস দেখতে যাবো ওখানে নাকি বানর খেলা দেখাবে আমি বললাম কষ্ট করে অত দুরে যেয়ে সার্কাস দেখা লাগবে না জলসা চ্যানেল খোল ফ্রিতে সার্কাস দেখতে পাবি আর জলসা তে শুধু বানর না পুরো জিওগ্রাফি চ্যানেলের সবাইকেই দেখতে পাবি,1,
28318,পাবলিক বলে পরীমনির চামড়ার ব্যাবসায় ধস নেমেছে খবরটা কতটুকু সত্য ।,1,
28319,আমার বিচিগুলো অনেক ছোট ছোট চুষে মজা পাবেন প্রচারে লিচু বিক্রেতা ।,1,
28321,পাগলাটা আর মানুষ হইল না হাসির খোরাকই হয়ে রইল,1,
28322,মানসিক রোগী এই নায়িকা একটা ।,1,
28333,শুনলাম তোমার নাকি মন খারাপ ? তা পিক তোলার সময় তো ভালোই পোজ পাজ দিতে পারছো ।,1,
28339,ইন্ডিয়ার সাথে খেলব মোরা গড়ব ইতিহাস ! ধোনি কোহলির পাছায় দিব মোটা মোটা বাঁশ ! মাশরাফি যখন মারবে বল দেখবি আগুনের গুলা ! ভয়ের চোটে দেখবি তোদের প্যান্টের চেইন খোলা ! মুশফিক যখন হাটু গেড়ে মারবে খালি সিক্স ! তোরা খালি কাদবি আর আমরা করব হিপ্স ! সাকিবের ঘূর্ণি বলে ঘুরবে তোদের মাথা ! সৌম্য তামিম মাঠে নামলে হবি বলির পাঠা ! রিয়াদ ভাইয়োর উইকেট নিয়ে তোরা হবি সুখী ! রুবেল ভাইএর হ্যাট্রিকেতে আমরা হব হ্যাপি !,1,
28340,গানজা খাবিনি বাইসটেক ?,1,
28341,বেনী কি পারবে ম্যাজিক করে স্টার জলসার সমস্ত গাঁজাখুরি সিরিয়াল গুলো বন্ধ করতে ?,1,
28345,প্রথম ওভারে টাইগার পরের দুই ওভারে বিড়াল,1,
28349,অবাক হওয়ার কিছু নাই একটা শেয়ার পাবার লোভে আবালগুলা এসব পোস্ট সুদাচ্ছে ।,1,
28352,চুলের এই অবস্থা কেন উপরে আঁকাবাকা নিচে ঝাড়ুর মত,1,
28358,আপনিতো ভাই পৃথিবীর অষ্টম আশ্চর্য । আপনাকে এখানে নয় আপনাকেতো জাদুঘরে রাখা উচিৎ,1,
28366,এই জুলু টিআরপি কিনতে গিয়ে যে তোর টাকা কম পড়েছে সেটা আমি ভালোই জানি না হলে তো তুই হনুপমাকে বেঙ্গল চপ্পল বানাতিস সেটা বিশ লক্ষ ভাগ শিউর ব্যান্স কি টিআরপি নিয়ে কারচুপির বেপারটা ধামাচাপা দিয়ে দিলো নাকি,1,
28368,একদম ঠিক আছে । হাসপাতালে দুই দিন মন টিকে না এখন লাল দালানের ভাত খাওগে যাও ।,1,
28369,তেলতেলা গল্প পড়তে চোখ বুলান আর হয়ে যান আপনিও তৈলাক্ত ।,1,
28370,নিজের দেশের টাকা বাইরে গিয়ে খরচ করতে খুব ভালো লাগে বুঝি ?,1,
28371,যুবকের হাত দুটি মাসুদ হয়ে গেছে বলেই,1,
28372,আর কতো দিন বসে থাকবো ধৈর্য্য ধরে আমারা রাখবো একমাস ধরে গুনগুন শুনছি আর বসে বসে দিন গুনছি কবে আইবো মনে ফাগুন রে জুলুর চ্যানেলে জ্বলবে আগুন রে,1,
28373,জবা কি পারবে তার মেয়েকে আমার হাতে তুলে দিতে,1,
28375,আত্নবিশ্বাসই তো আমার সৌন্দর্য কথাটা সঠিক বলেছে কারন মেকাপ ছাড়া পরীমণি আগুন থেকে ছাই হয়ে যায় !,1,
28376,খুব সুন্দর বলেছেন এই যুগের বিবাহিত মেয়েদের দুর্বলতা কবি গুরু সালমান্দ্রনাথ ঠাকুর৷,1,
28378,আমাদের দেশের ক্রিকেট বোদ্ধাদের দেখে আফসোস হচ্ছে । জিতলে তালি আর হারলে গালি ।,1,
28379,খালতো শালি ? কী অবস্থা সব ঠিকঠাক ?,1,
28380,সহজ ভাষায় বলে দেন ঢাকা থেকে আপনার বাড়িতে যেতে যদি মাঝখানে পাঁচ জেলা পড়ে তাহলে প্রতি জেলার শেষ সীমানায় গাড়ি থেকে নেমে তারই ইকটু পরে পরের জেলার প্রথম সীমানায় আবার গাড়িতে উঠবেন । এভাবে পাঁচ টা বাস পাল্টিয়ে আইনের প্রতি শ্রদ্ধা দেখাবেন কারন এই দুই জেলার ফাঁকাটুকুতেই করোনাদের বাস,1,
28382,তোরা সৃষ্টিকর্তা বলে জাতে উঠতে চাস ! লাশা স্যাকুলারের দল !,1,
28384,এই জিলাপি খাইতে হলে আমার জমিজমা বিক্রি করতে হবে আর নাইলে কিডনি বিক্রি করে কিনতে হবে,1,
28385,দাঁত না মাজা লোকজনের জন্য মাস্ক আশীর্বাদ স্বরূপ,1,
28386,কি জানি ভাই এত সব বুঝি না । বড় বড় লোকের বড় বড় কারবার ।,1,
28387,আপনার এইরকম একটিং দেখে ব্রাজার্স ও নটি আমেরিকা থেকে অভিনয় করার জন্য ডাকতে পারে ।,1,
28389,ম্যাম কি নিজেকে বিক্রি করে দিলেন ? নাকি গরুর দামে দাম তুললেন ?,1,
28391,ডাক্তার ফেইল । এ দুনিয়ায় আর ডাক্তার চাইনা । এক শাকিব খান ইমোশনাল কথা ছোটবেলার গাড়ি দেখায়ে মরা মানুষ জীবিত করে ফেলে । আর এখানে আপাজান জড়ায়ে ধরে চুপচাপ শুয়ে থাকো বলে রোগ সাড়ায় ফেলে৷,1,
28393,তুই বহুত বড় নাট্য রে এতো ভন্ডামি তুই কেমনে করছ ।,1,
28395,তোর ধুতি খুইল্লা যাবে নাচবি কেমনে ধুতিটা অন্তত টাইন্না ধরতে হেতিরে লাগবে,1,
28401,ব্রেকিং নিউজ বুঝে ও বুঝি না,1,
28413,এখন সুজি দুধ আর চেরিলাক খাওয়ান বড় হইলে সাংবাদিক হবে নবজাতক ব্যাঙবাদিক ।,1,
28419,ক্যাপশন এর বাংলা অর্থ কি সে বলতে পারবে ? আমার মনে হয় অর্থ তো দূরের কথা ও লাইন গুলা পড়তে পারবে কি না যথেষ্ট সন্দেহ আছে ।,1,
28421,কি পরী কেউ কি পিছন দিয়ে পুটু মারতাছে নাকি এমন ত্যাড়াব্যাকা হইয়া আছো কেন ?,1,
28423,হলে দর্শক নাই দেশে কোনো নির্বাচন নাই সেফুদা অসুস্থ বসুন্ধরার খবর নাই কাকলী ফার্নিচারের কোনো নতুন পণ্য আসে নাই । তাই ফেসবুক আর ইউটিউব সচল রাখতে পরীমনি আসছে পরবর্তীতে হয়তো সানাই আপু আসবেন কোনো ভাড়াটিয়ার খবর নিয়া ।,1,
28425,মুদির সাথে দেখা করার পর তার সুন্নতে খাতনা করা হয়েছে । মানে আবার নতুন করে মুসলমানি করানো হয়েছে । আবাল চুদা,1,
28428,এই সাংবাদিককে রাতে নিয়ে বলছে মনে হয় তুমি ভাইয়া এই সব নিউজই করবে,1,
28430,দেইখেন ভাইয়া দুই আকাশের সংঘর্ষে যেন আবার পৃথিবী ধ্বংস হয়ে না যায় ।,1,
28431,আপনার তো উড়নাই নাই ফাউল আপনি বিয়ের পরও সিঙ্গেল থাকবেন ।,1,
28432,সাত ভাইয়ের ছম্পা পরী তারা হেঁসে খেলে করে কাজ তাই ত তাদের নেইকো লাজ,1,
28434,আচ্ছা জুলু গুনগুন কি তোমার নিজের মেয়ে আর মোহর পাতানো মেয়ে না মানে গুনগুন এর প্রতিদিন নতুন নতুন জামা দাও আবার রাতে পরে শোয়ার জন্য আলাদা নাইট ড্রেস দাও আর মোহরের বেলা সেই এক নেতানো জামা ওই পরে শুটিং ওটা পরে শুচ্ছে আবার ওটা পরে কলেজ যাচ্ছে মোহরের কি বাসি কাপড় ছাড়ার ইচ্ছা হয় না বলো সবাই হা হা রিয়েক্ট দিয়ে যাবে,1,
28435,ফোনটা কাইৎ কইরা ছবিটা দেখতে গিয়ে চার্জার খুলে গেছে । শোয়া থেকে উঠে আবার প্লাগ ইন করলাম । ধন্যবাদ এই কষ্টটা দেওয়ার জন্য ।,1,
28436,মদ পৃথিবীর শ্রেষ্ঠ ঔষধি পানীয় মদ হাজার বছরের ঐতিহ্য সংস্কৃতির ধারক বাহক রাজা বাদশা ধনী গরীব কৃষক শ্রমিকের দুঃখ ভোলার অমীয় উপাদান পৃথিবী যতদিন থাকবে মদ ততদিন পর্যন্ত থাকবে মদ মানুষের জন্য আশির্বাদ জয় মদ মদ জিন্দাবাদ তুমি মদ খাও মানুষ হও ।,1,
28441,এই দৈত্যকে দেখলে আসল দৈত্য দানব দড়ি খেয়ে গলায় বিষ দিয়ে আত্মহত্যা করবে !,1,
28443,এক ম্যাচ জিতলে তারা যেভাবে রিপোর্ট লেখে তা দেখে অনেক সময় পাদ এসে,1,
28444,আমাদের ফেরদৌস কে লইয়া যাও,1,
28445,মাথায় গোবর তাই গরুর সাথে নিজেকে তুলনা করো,1,
28447,প্যারা নাই চিল,1,
28451,ভালো তো আর খেলতে পারো না ভালো কিছু খাও,1,
28456,প্রথমে ভুলে লাভ রিয়্যাক্ট পড়ে গেছিলো পরে হাহা রিয়্যাক্ট দিতে গিয়ে দেখি এমবি শেষ মাথা পুরাই নষ্ট ।,1,
28457,বিশ্বসেরা অলরাউন্ডার পাপন্দার পক্ষ থেকে ছিড়া জোতার শুভেচ্ছা,1,
28458,না না এটা মেনে নিতে পারলাম না । উনার জন্য বিমান বা একটা মহাকাশযান অথবা একটা স্যাটেলাইট কেনা উচিৎ ছিলো । এত স্লো রেট এর জিনিস কেমনে হবে ।,1,
28463,আপু এসব পিক দিবেন না । সেদিন আপনার জন্য আমার সংসারে আগুন লাগছে । আমার বউ স্বপ্নে দেখছে আপনি আমার সাথে ডেটে গেসেন । পরে বাসায় কিনে রাখা সব পটেটো চিপ্স সে রাগ করে পুড়ায় ফেলসে । এখন আমি আর্থিক ভাবেও ক্ষতিগ্রস্ত । এমন করিয়েন না আর প্লিজ,1,
28464,এতো আবেগ কোথ থেইকা আসে তোমাদের ?,1,
28465,সায়মন কপাল ভালো পানিতে ছিলাম না হয় সবাই দেখে ফেলত আমার প্যান্ট ফুলা ।,1,
28466,আমি তোরে দোষ দিব না দোষ সেই সব কনডম কোম্পানির যারা বেশি টাকা লাভের আশায় পাতলা কনডম তৈরি করে । আর সেই কনডম দুর্ঘটনায় এসব আবালচোদার জন্ম হয় ।,1,
28469,আমেরিকার নির্বাচনে বাঙালিরা চাইছিলো পাগলা ট্রাম্প না জিতুক তাই হইছে পশ্চিমবঙে ও বিজেপি হারুক চাইছে তাই হইছে,1,
28472,পেয়াজ এর দাম বৃদ্ধি পাওয়ায় সাকিব আল হাসান এখন পেয়াজ এর আড়তদার,1,
28473,আপু সাইডে থাকা বাঁশের সাথে তোমারে উল্টা করে বেঁধে কয়েকটা ছবি তুলে সেই পিক দিয়ে একটা স্লাইডশো ভিডিও তৈরি করতে চাই । বিলিভ মি ইউটিউবে অনেক ভিউ হবে ।,1,
28477,ছবি দেখে মনে হচ্ছে কোষ্ঠকাঠিন্য সমস্যায় ভুগছেন জয়া,1,
28478,দামে কম মানে ভালো তারপরেও কেন টাকা না দিয়ে ফ্রি শুইতে চলো ? আমি কাকলী ফার্নিচারের কথা বলছি !,1,
28480,বড় বড় মানুষের বড় বড় ঘটনা,1,
28483,অনেক বড় খ্যাপ পাইছো মনে হয় । দেশের এই ক্রান্তি লগ্নে ভালোই রেমিট্যানস আসবে ।,1,
28486,তুমি শালা গান করলেও বাতিল গান না করলেও বাতিল বেঁচে থাকলেও বাতিল মরে গেলেও বাতিল,1,
28487,পাগলিনী খুটোর খুঁজে কৃষ্ণের বৃন্দাবনে ঘুটে যদিও বা কৃষ্ণকে পেলে কিন্তু কৃষ্ণর খুটো দিতে রাজি নয় কৃষ্ণ বলে পরির নাকি হোগায় অনেক কারেন্ট আমি আর খুটো গাড়বা না দাদা,1,
28488,মুমিনুলকে ওয়ানডে ম্যাচেও খেলানো হোক । আমার মনে হয় ওরে ওয়ান ডাউনে খেলালে ভাল করবে ।,1,
28490,আমার বামে গরু ডানে খাসি পরীমনী তুমায় অনেক ভালুবাসি ।,1,
28496,পুড়া মনি আন্নের জানলা খোলা কে বন্ধ করেন অনেক গরম হাওয়া লাগতাছে আমার,1,
28499,আমি মনে রেখেছি সে আমার প্রিয় গুন্ডা,1,
28501,মঙ্গল শোভাযাত্রা না করলে তো আবার বছরটা অমঙ্গলের হয়ে যাবে ।,1,
28502,জনগণের উপর যাচ্ছে তাই আইন প্রয়োগ করতে করতে এরা এখন ছাগলের উপরও আইন প্রয়োগ করা শুরু করে দিছে ! হায়রে ইউএনও ! হায়রে প্রশাসক !,1,
28504,না ভাই বিয়ের পর আসলেই ঠিক হয়ে যায় । আমার এক্স এর ওয়াইফাই ঠিক হইসে ওর বিয়ের পর । ওর বিয়ের আগে ওর নেট প্রচুর ডিস্টার্ব দিতো । ওর বিয়ের পর দেখলাম ওর নেট ঠিক হয়ে গেসে । অনেক ফাস্ট রিপ্লাই দেয়,1,
28515,লজ্জা করেনা তোমাদের বিনা ভোটে ক্ষমতায় এসে আবার বেশি কথা বলো,1,
28516,দাদা দেখি আর্ন্তজাতিক মানের কতা কইতাছে । ধন্যবাদ দাদা আগায়ে জান ।,1,
28520,পাঁঠী টার ট্যাং দুটো কেউ পিছন থেকে টেনে ধর যেমন পাঁঠা বলীর সময় ধরে,1,
28522,এখনি কুল নিব্বি বাহিনী নিয়ে আসতেছি গাইল্লাইয়া চান্দে উঠানোর জন্য,1,
28523,আজকে মনে হয় নিউজ করার মতো কিছু পাওয়া যায় নি । তাই না ?,1,
28525,তুই এখন ভাইরাল । ছোট ছোট বাচ্চারাও কিউরিওসিটির জন্য তোর আইডি সার্চ করবে । প্রফাইল থিকা ল্যাংটা ছবি সরা নাপাকির বাচ্চা ।,1,
28526,ভাগ্যিস আজ রুবেল খেলেননি রুবেল যদি আজকে খেলতো আজকের শেষ ওভারটাও রুবেল আবালটাই পেতো রেজাল্ট আফগান হ্যাপি বাংলাদেশ আনহ্যাপি বাছা গেলো রুবেল খেলেননি তাই জিততা গেছি ।,1,
28527,পাইছে এক টপিক এখন টপিকের আন্ডা বাচ্চা সব বের করে নিয়ে আসবে এটা নিয়ে আদৌ কি আর নিউজের প্রয়োজন আছে ?,1,
28528,আপনারাও রসিক কম না সারাদিন মিথিলা ও সৃজিতের পিছনে পড়ে থাকেন এর থেকে বেশী রসিকতার কি আছে পাঠকদের জন্য দামে কম মানেও কম পচা জিনিসের গন্ধ ছড়ান,1,
28530,নিউজ সংকটে ভুগছে প্রথম আলো । অজ্ঞাত কবি ।,1,
28531,সেখানে সীমিত পরিসরে মেলা বসলে জানাবেন আমি একটা ঝালমুড়ি দোকান দেব,1,
28535,আমাদের কনো ধরনের ভ্যাকসিনের প্রয়োজন নেই ! আমাদের পরি আপা এরকম ছবি ছাড়লেই হবে এরকম ছবি দেখলে শরির চাঙা হয় রোগ প্রতিরোধ ক্ষমতা বাড়ে বেশি বেশি বাঁচতে ইচ্ছে করে ! কাজেই এরকম ছবি দেখলে অটোমেটিক আমাদের শরিরে এন্টিবডি তৈরি হবে ! অতপর আমরা হয়ে উঠবো করোনার চেয়েও শক্তিশালি !,1,
28537,জি এটাই ভালোবাসা এটাই সাইন্স । আপা নিজে পেয়াজ খান নাহ । কিন্তু সাকিবকে একবারে পেয়াজ দিয়ে ভরে দিয়েছে । সবাই বলুন আমিন । মানবতার পেয়াজওয়ালা ।,1,
28538,আমার ফুল গাছ খেয়ে গেছে ছাগলে বিচার চাই মায়ের পুইশাক খেয়ে শেষ করে গেছে ছাগলের বাচ্চা বিচার চাই,1,
28541,সুই ভিতরে না ডুকিয়ে যারা টিকা দেয় তারা কি দ্বিতীয় বারও সুই না ডুকিয়ে দেবে ?,1,
28543,অপরাধীর কি কোনো শাস্তি হবে নাকি এক্সট্রা কোনো প্রণোদনা পাবে ?,1,
28546,জেমস একবার মুতে দিলে তোর মত একশ ডা নোবেল জন্ম নেয় ।,1,
28547,নোয়া আবিরের সাথে পালিয়ে বিয়ে করে নিয়েছে । ওকে আর খোঁজার দরকার নেই । কিয়ানকে মোহরের সাথে বিয়ে দেওয়া হোক । মোহরের ডিভোর্স হয়ে গেলে,1,
28550,ফিলিস্তিনের মানুষের উপর সন্ত্রাসী হামলার প্রতিবাদ জানিয়ে সবাইকে ঈদ মোবারক,1,
28551,আবেগ কমান উস্তাদ । বৈবাহিক জীবনে কাজে লাগাবেন,1,
28552,চারু কি পারবে টাটকা দুপুরে টাটকা মোড় এ টাটকা বাতাস খেতে,1,
28553,তাহলে তারা সৌদির টাইমের সাথে মিল রেখে রোজাও রাখুক৷ ইফতার করতে হবে তখন রাতের আটটা নয়টায়৷,1,
28554,তুমি খালা আদ্দিকালের কেপশন নিয়া পইরা আছো ! আর একের পর এক সেল্ফি তুলো ক্ষ্যাতের মতো ! সৌদি আরব গেছো মাইনষেরে দেখাও নাকি আদেখলা বাল,1,
28556,দুবাই গেলো এত্ত এত্ত খরচ করলো । আর একটা পায়জামা বা প্যান্ট কিনতে পারলো না । বেচারি । এবার ঈদে কিছু ফেতরা রাখছি কিনে লইয়েন,1,
28559,গতকালের একটা ছবিতে আপনি কতটা কোম্পানির এড দিলেন আল্লাহই জানে খেলার মাঠে আপনি যেমন অলরাউন্ডার বিজ্ঞাপনেও সেইম,1,
28560,এই পোস্টটি নিয়ে আমার যা বলার ছিল সেটা আমার আগের বক্তা বলে গেছে আর যা বলার বাকী আছে ইনশাআল্লাহ পরের বক্তা বলে যাবে এই বলে আমার সংক্ষিপ্ত বক্তব্য এইখানেই শেষ করছি,1,
28566,কাকলি ফার্নিচার দিয়ে তৈরি খাট নৌকায় রাখার মনে কি !,1,
28567,আচ্ছা ঝামেলাটা কত টাকা নিয়ে হইছিলো ! নাকি একজনের জায়গায় দুইজন নিয়া হইছিলো,1,
28569,সাকিবের অনেক বড় বক্ত ছিলাম আমি কিন্তু গতকাল চট্রগ্রাম আনোয়ারায় যে ঘটনা ঘটিয়েছেন ! এখন যদি সামনে পেতাম জুতা দিয়ে দুই টা থাপ্পর দিতাম ।,1,
28570,ভালো হয়ে যাও নোবেল ।,1,
28573,সব দোষ তরমুজের,1,
28579,সাকিব ভাই আপনার কাছে আমার একটা দাবি ছিলো । প্লিজ সাকিব ভাই আপনার ছেলের নামটা নাজমুল হাসান পাপন রাইখেন । আমরা যারা আপনার ফ্যান আছি আমাদের সবার ইচ্ছে ফিওচারে আপনাকে পাপনের বাপ পাপনের বাপ বলে ডাকবো ।,1,
28581,সুরের পাখি মাহফুজুর রহমানের একক শিষ্য ।,1,
28582,হাসি আটকাতে পারলাম না,1,
28583,ভালো করছে বলেই এই গুনগান যদি উইকেট না পেত তাহলে এতক্ষনে তার চৌদ্দগুষ্টি তার দোষে দোষি হত আমাদের কাছে ।,1,
28592,কে কোথায় আছ মনোহরা দিয়া বিদায় কর এই হতচ্ছারি আর না হলে জলসা মোহরকে চির দিবে,1,
28594,তাহসান তুমি মিথিলাকে ভুলে যাও ! নতুন কাওকে নাও ।,1,
28595,বাপের সাথে খেলতে নামার আগে এমন জোক্স বলে নিজেকে সান্ত্বনা দেয়ার মাঝে আমি কোনো দোষ খুঁজে পাচ্ছি না । এরকম জোক্স প্রতিদিন শেয়ার করুন । নিজে হাসুন অন্যকেও হাসান,1,
28596,দাঁত দিয়ে জাল ছিড়ে বেরবে ! বাই দা ওয়ে দাঁত গুলো যেন শ্রীময়ীর নিজের ই হয় ।,1,
28600,যে সকল ছেলে মেয়েরা এস এস সি তে আটকে আছে মেয়ে হলে রিক্সাওয়ালার সাথে বিয়ের ব্যবস্থা করে দেওয়া হবে ।,1,
28605,হালকা বডি ফেইন্ট দিয়ে ড্রিবল । দেখতে মনে হয় খুব সোজা আসো ড্রিবল ড্রিবল খেলি ।,1,
28608,পায়ে হিরো আলমের ছাপ,1,
28610,ভাই তুর চিকিৎসা দায়িত্ব আমি নিব তারপরও উল্টো পাল্টা কথা বলিস না ।,1,
28615,এই নিউজ দেখার পর ভারতীয় দালালদের জ্বলবে আর পাকিস্তানি দালালদের ভালো লাগবে ।,1,
28616,মাসুদ তুমি আর ভাল হইলা না এইবার একটু আল্লাহর দিকে তাকাই ভাল হয়ে যাও । যুবকদের ভূমিকম্পের কারন হইও না ।,1,
28617,এতো দেখি তোমারে কংসকে বধিবে যে গোকুলে বাড়িছে সে বিষয়টা অনেক টা সেরকম । আবার কিরণমালারও মিক্সার আছে,1,
28618,এই ভয়ংকর দর্শন চেহারা নাকি মঙ্গলের প্রতিক ভাই আমারে অমঙ্গল নিয়েই থাকতে দেন,1,
28619,স্যার শূন্য সরকার আর লিটল বাঁশ এদের জন্য আজ ম্যাচ হেরে গেলো,1,
28620,সাঁঝের বাতি থাকতে জলসার নজর পড়ল ওগো নিরুপমার দিকে । ওগো নিরুপমা বিকেল পাঁচটা ত্রিশ পিএম স্লটে পাঁচ পেয়েছে । আমার দৃঢ় বিশ্বাস কোন না কোন সমস্যা ঠিক হয়েছে নয়তো ওগো নিরুপমা কখনোই শেষ হত না । এখনও সময় আছে সাঁঝের বাতি শেষ করে ওগো নিরুপমা কে পাঁচটার স্লটে দেওয়া হোক । সাঁঝের বাতি আর কখনোই জলসাকে এর বেশি টিআরপি দিতে পারবে না । সাঁঝের বাতিতে অসমাপ্ত টুইস্ট রেখে শেষ করা হোক । ওগো নিরুপমা পাঁচ পিএম স্লটে অন্তত পঁচিশ পাবে ।,1,
28621,বাইক সেল করার সাথে সাথে প্রবাসীদের বিনোদন ও দিয়ে থাকেন নাকি ? একনাম্বার ভুয়া ইকমার্স ।,1,
28622,চাপা ভাংগা গাল এটা আবার নায়িকা,1,
28627,বুঝলে না শালা বুঝলে না সারাজীবন টাকা টাকা করলে ।,1,
28630,এতো শিক্ষিত গাছ আমার গুলো তো কথাই শুনতে চায় না,1,
28633,এই বালপাকনার আর কোন রিপলাই পাওয়া যাবে না এখন,1,
28635,দেশ ও জাতির দজ্জাল বউদের আইডল ।,1,
28648,আমার বফ নাই টাকা আছে কিন্তু কিনে কারে দিব ।,1,
28651,খুব গুরুত্বপূর্ণ একটা নিউজ নরেন্দ্র মোদির জন্য,1,
28656,খাঁটি কালিজিরা তেল কোথায় পাওয়া যায় সাংবাদিক খবর নিয়ে জানান ভীষণ উপকার হবে,1,
28659,আমিই কি একমাত্র যে প্রথম দেখে ভাবছি কেউ গলায় দড়ি দিছে ?,1,
28660,অভিনন্দন প্রিয় লকডাউন,1,
28661,ওর সমান মালাইকার এক খান ছাওয়াল আছে,1,
28664,আমার কোন ভাই বোন নাই ভগবান বাচাইছে,1,
28669,এইটা নিয়ে বাংলাদেশের দালাল মিডিয়ার ঘুম হারাম হয়ে গেছে ।,1,
28671,এজন্যই কবি বলেছিলেন মূর্খের দেশে আবার কিসের বিশ্ববিদ্যালয়,1,
28672,বুরেল পান্ডাটা এমন করছে কেন ?,1,
28673,আপনি যে এই ইংলিশ ক্যাপশন দিয়া দেন আন্নে এই ইংলিশ বুঝেন তো,1,
28676,ওরা গাছ লাগাচ্ছে এর মানে আমাদের করণীয় সব গাছ কেঁটে ফেলা ।,1,
28678,আরে জবা আর কত দিন পর করোনা ভাইরাস থেকে মুক্তি দেবে না হলে এই সিরিয়ালটা বন্ধ করা উচিত,1,
28681,এই পৃথিবী আমার জন্য না । কারণ আমি মেয়াদবিহীন গঞ্জিকা সেবন করি ।,1,
28684,এক গ্রামে এক কৃষকের গরু হারিয়ে গেছে । সারাদিন খোঁজা খুঁজি করে না পেয়ে শুকনো মুখে বাড়িতে ফিরে আসে বারান্দায় বসে পুত্রকে বললো । এক গ্লাস পানি দাও তো ভাই । !,1,
28685,উপমহাদেশের শ্রেষ্ঠকবি সাহিত্যিক রাজনৈতিক দার্শনিক এবং ভবিষ্যৎ নোবেলজয়ী পুজন্দ্রনাথের পক্ষ থেকে শুভকামনা রইল,1,
28686,সরকারি মাল দরিয়ায় ঢাল,1,
28688,এমন ভাব নিচ্ছো মনে হচ্ছে প্রথম প্লেনে উঠেছো । তুমি ভুলে গেছো কি আমরা একবার ঘুরতে গেছিলাম সিঙ্গাপুরে প্লেনে চড়ে সেটা ছিল তোমার সাথে আমার ফার্স্ট প্লেন জার্নি,1,
28689,আমরা যেহেতু মানতে পারতেছি না ফলে করোনার এখন উচিত স্বাস্থ্যবিধি মেনে আমাদের সাথে মেশা ।,1,
28691,করোনার বাসস্থান হলো দীর্ঘদিন ধরে বন্ধ থাকা ভূতুড়ে শিক্ষা প্রতিষ্ঠান,1,
28692,ওহ আরেকটা কথা ! শালার পুতেরা জেলেবি কিরে ? জেলেবি কি ? জিলাপী কইতে তগো হোগায় কামড়ায় ?,1,
28698,আমাদের খুলনা সিটি মেডিকেলেও এমআরআই আছে সোনা আমি করাইছি তুমি কষ্ট করে কোলকাতায় গেছো ক্যান বাল পালাইতে,1,
28699,গরিবের সেই সামান্য পরিবারের মেয়ে টি আজকের ল্যাংটো হয়ে ছবি দিচ্ছে ।,1,
28702,আশায় আছি আরেকটা ডাব্বা উপভোগ করার । সাকিব ভাই আশরাফুলের জায়গায় হলে আরো দুই ম্যাচ আগে বাদ পড়তেন । বাহিরের জগৎ বাদ দিয়ে ক্রিকেটে মনোযোগ দেন । তা নাহলে আর কিছু দিন পর কেউ আপনাকে আর হয়তো মনে রাখবে না ।,1,
28704,কিভাবে ভোট চুরির পরিকল্পনা করতে হবে তাই বলছে ওদের,1,
28705,তাতে যদি দুবাই এর মাটি দেবে যায় তাহলে এর দায়ভার কে নেবে ? সাংবাদিক সাহেব আপনি । ?,1,
28708,এই ভাবে কেউ জিভ বের করে !,1,
28709,ওই যখন কিছুই খুঁজে পায় না পোস্ট করার জন্য তখন আবার বিশ্বসুন্দরী দিয়ে শুরু করে ।,1,
28712,লেখক মনে হয় গাঞ্জা সেবন করে নাটক লেখেন আর পরিচালক মাতাল অবস্থায় এসব নাটক নির্মাণ করেন,1,
28714,তোর মত বলদের যে সত্যটা স্বীকার করতে কষ্ট হবে সেটা আমি আগে থেকে জানতাম ।,1,
28715,মোহর তো পারবেই । জবার আধুনিক সংস্করণ তো মোহর । কোন কিছুই অসম্ভব আর অসাধ্য নয় এদের ! মানছি না মানবো না ঝগড়া প্রেম আর গল্প করতে করতেই ফার্স্ট ক্লাস ফার্স্ট হয়ে যাওয়া মহীয়সী নারী মোহরের মনোহর মনোমুগ্ধকর খেলার ম্যাজিক চলেছে চলবে ।,1,
28716,দামে কম মানে ভালো যেমন কাকলি ফার্নিচার । ঠিক তেমনি শুনতে জঘন্য মাহফুজ রহমানের গান ।,1,
28717,প্লাজু বিক্রি কইরা এমবি কিনসি এই গু দেখার লাইগ্গা নি ?,1,
28719,জবা মা আর কত রূপে সাজবেন কেউ কি তা জানে ?,1,
28721,তাঁরা একদল করোনাযোদ্ধা করোনার বিরুদ্ধে তাঁরা যুদ্ধ ঘোষণা করেছে এজন্য যুদ্ধ করতে ময়দানে যাচ্ছে,1,
28724,বিশাল একটা জনপ্রতিনিধি পরি আপা ওর পাশে থাকবে জনগণের আর কাজ কাম আছে তাই । তবে পাশে পাবে একটা সময় রাতে পরি আপার হট পিক বা শরীর দেখা যখন পোলাপান হস্তমৈথুন করে তখন,1,
28726,একাত্তর টিভির লাইক কমতেছে পাঁচ জি গতিতে যারা আমার মত এখনো জেগে থেকে একাত্তর টিভির করুণ পরিণতি উপভোগ করছেন তাদের জন্য,1,
28728,এখান থেকে মমতাজ আপাকে ডক্টরেট ডিগ্রী দেওয়া হউক,1,
28732,ভং ধইরা ধইরা আর কতো ।,1,
28739,বাহু শেষ পর্যন্ত কবি গুরুকে পরী নিজের মডেল বানিয়ে নিলো ।,1,
28740,এই প্রথম কোন ছোট বাচ্চা রাত বার ঘটিকায় বার এ গিয়েছিল ফিডারে দুধ খেতে । কিন্তু দুঃখের বিষয় ফিডারে দুধের পরিবর্তে নাসির জোর পূর্বক মদ দিয়েছিল । বাচ্চাটির সাথে অন্যায় করা হয়েছে । আমি এর তীব্র নিন্দা ও প্রতিবাদ জানাচ্ছি ।,1,
28749,রাস্তায় বসে ভিক্ষা করলেও শান্তি ।,1,
28751,আপনে এখনো বেঁচে আছেন ভচ ?,1,
28752,হয়তো তোর মতো জালিমরে দেখে কয়েক ঘণ্টা অজ্ঞান ছিলো,1,
28753,ইস । ক্লাস সিক্সে থাকাকালীন যদি সাকিবের এই পেইজ থাকতো আর এখানে এসে কমেন্ট গুলা পড়তে পারতাম জীবনেও ধর্মে ফেইল করতাম না । শালার মানুষজনের নিজের ঘরের খবর নাই এখন আসছে বনের মোষ তাড়াইতে । অথচ বেশির ভাগ মেয়েদের ফিল্টার ম্যাসেজ চেক করলেই এদের ম্যাসেজ পাওয়া যাবে আপো আকটো খটা ব্লা গাবা,1,
28754,ব্যাগে কইরা মনে হয় ক্রিকেট শিক্ষা বই নিয়া আসছে শ্রীলংকা থেকে ।,1,
28755,সত্যি ভাবতে অবাক লাগে ব্যাঙের আবার সর্দি এটাও মানতে হবে । স্মৃতি মনি সত্যিই আপনার জন্য এই সমাজ অনেক উপকৃত । আপনি প্রতিদিন রাত্রে তাহাজ্জুদ নামাজ পড়তে ক্লাবে যান সারারাত ধরে তাহাজ্জুদ নামাজ পড়ে আপনি ঘরে আসেন । কেউ জায়নামাজ নিয়ে তাহাজ্জুদ পড়তে না দিলে আপনি ক্লাবে ভাঙচুর করেন শোরগোল করেন চিল্লাচিল্লি করেন সত্যি পুরো সমাজ আপনার কাছ থেকে অনেক কিছু শেখার আছে,1,
28756,যারা যারা পাইলট হতে চাও তারা এখনই স্টার জলসার অডিসানে চলে যাও,1,
28757,জিলাপির ভিতর একটা কোহিনুর বসানো আছে কোনো এক ভাগ্যবান বিজয়ী পেয়ে যাবেন সবাই খাওয়ার সময় আস্তে ধীরে চিবায়েন ভাই না হলে ভুলে একবার পেটে চলে গেলে আর বের করা সম্ভব না,1,
28760,অদ্ভূত প্রতিভা সালার কেউ একটা অস্কার ছুঁড়ে মার ।,1,
28764,সাংবাদিকরা ফোনালাপ খুঁজে পায় ডাইরি খুঁজে পায় কিন্তু আফসোস এতবড় হাসপাতাল উধাও হয়ে গেলো তা খুঁজে পায় না !,1,
28766,এইসব বালের সারপ্রাইজ থেকে হিরো আলমের এক একটা গান অনেক বড় সারপ্রাইজ ।,1,
28773,শুভকামনা রইলো ভাই ! নিরন্তর শুভকামনা । এক্স সম্প্রদায়ের জন্য এক উজ্জ্বল দৃষ্টান্ত হবে এটি ।,1,
28776,রোহিঙ্গা ইস্যুতে চুপ থেকে ফিলিস্তিন ইস্যুতে সরব চীন !,1,
28778,চুলগুলো সুরসুরি দেয় না তোমারে ?,1,
28779,পৈতৃক সুত্রে বাকশাল মোরকে গণতন্ত্র ! । জয় বাংলা বাঙালি পারলে সামলা ।,1,
28780,পরি মনির ন্যায় বিচার চাওয়া আার সানি লিওনের সতীত্বের রক্ষার আন্দোলন করা সমান,1,
28783,সবাই দেখতেছে সাকিব বউ বাচ্চার সাথে ভিডিও কলে কথা বলতেছে । আর আমি দেখি সাকিব বাংলালিংক আর গ্রামীণ ফোনের নেটওয়ার্ক বুঝাতে চাচ্ছে । সালার সবখানে মার্কেটিং । আল্লাহ আমারে উঠায় নাও ।,1,
28786,তেলবাজ এর উপর এওয়ার্ড দেওয়া দরকার আপনাকে,1,
28788,কিছু মানুষ যে খেলা না বুঝে এ চিল্লায় আপনি তার প্রত্যক্ষ প্রমাণ,1,
28793,না ভাই । তৈন খাল । আলিকদম,1,
28794,আমার আছে বারটা সীম একটা মোবাইল আমি কয় টাকা পাবো কেউ বলতে পারলে পাঁচশ টাকা দিবো শিওর । শুধু একজনই জয়ী হবেন ।,1,
28796,তোমরা চেহারাটাই গোল মরিচের মতো,1,
28797,ঈদ মোবারক প্লাটুনবাসী৷,1,
28800,ঢাকা আপনার বাপ লেখে নিছে নাকি ?,1,
28801,নিরুর রুপের আসল রহস্য যদি বলতেন তাহলে খুবই ভালো হতো কারণ আমার বাড়িতে একটি কালো ছাগল আছে যদি রূপের গোপন রহস্য বলেন তাহলে কালো ছাগলটাকে সাদা বানিয়ে দিতাম তারপর আর একটা সাদা হ্যান্ডসাম ছাগলের সাথে আমার সাদা ছাগলের বিয়ে দিতাম আর নাম দিতাম ওগো সাদা ছাগলপমা,1,
28803,বলছিনা বলার ইচ্ছা ছিল বাট বললে বুঝবেন কেমনে না বললেও তো বুঝবেন না তাই বলছি ব্যাপারটা এমন না । বুঝবেন কিন্তু বুঝবেন না এভাবে বুঝালেও বুঝবেন না,1,
28804,জলসা পারে না এমন কিছু নেই শুধু মাত্র করোনা ভ্যাকসিনটা তৈরি করতে পারছে না,1,
28805,বুরেল ওসেন এর কারবার দেকে ! আমি শিহরিত এবং হ্যাপি,1,
28806,বক্ষে কালো আকার বয়ে যাওয়াই দর্শন করতে অসুবিধে হচ্ছে দয়া করে বক্ষের উপর বয়ে লাল কালো আবরণটি সরিয়ে ফেলুন ! আপনার পর্বত সমান বক্ষের বিশালতা দেখতে জাতি অধীর আগ্রহে অপেক্ষা করছে !,1,
28809,রবী ঠাকুর লেখার আগেই চ্যাটালাপ ফাঁস হয়ে যেতো,1,
28811,আপনারে দিয়া তো আর খেলা হবে না ওকে । জাতীয় সংগীতটা ও ঠিকমত গাইতে পারেন না বাট মাইয়া গানে ঠিক ই তবলা বাজান ।,1,
28813,নুনুবেল গান বাজনা ছেড়ে দিছে এবার তুমিও রোস্ট করা ছাড়ো । কারণ দুজনেই দুটার অযোগ্য ।,1,
28814,মিথিলা থেকে উপস্থাপিকা অনেক সুন্দর,1,
28818,পড়ে খুব খারাপ লাগছে কিন্তু কি আর করার বিল গেটস এখন পাক্কা সিঙ্গেল যাই ইনবক্সে হাই দিয়ে আসি,1,
28819,পৃথিবীতে তিনটি কাজ করা একবারেই অসম্ভব । ! এক হাতিকে কোলে বসানে ! দুই পিঁপড়ার ঠোঁটে লিপিষ্টিক লাগোনো । ! তিন তোমাকে মানুষ বানানো । !,1,
28820,সিরিয়ালের হিরোগুলোকে তো বিয়েশ্রী দিয়ে দিলেই হয় ।,1,
28821,জঙ্গী কে জঙ্গী বললে দোষ । যেমনিভাবে বাংলাদেশ আওয়ামীলীগ কে বাল বললে দোষ ।,1,
28822,এক বাড়িতে দুই ভাই থাকত । একদিন তাদের মধ্যে ঝামেলা হলো । দুই ভাই রাগ করে একজন কাতার আর একজন সুদান চলে গেল । সুদান যাওয়া লোকটি কয়েকদিন পর দেশে চলে এল । সুদান ফেরত লোকটাকে মানুষ সুদানী বলে ডাকত । আর এই লোকটার ছেলেটাকে মানুষ সুদানীর পুত বলে ডাকত । আর সেই সুদানীর পুত এই সাংবাদিক ।,1,
28823,ওই ছ্যামড়ি চল পাট ক্ষেতে চল ।,1,
28828,আমার ঐ বন্ধুটা আমাদের স্কুলের স্যারের শালিকে একটা বই দিয়ে প্রপোজ করেছিল বইটার নাম ছিল সেই তুমি সেই আমি,1,
28830,নাচটা বন্ধ করে তারপরে সংবাদ পড়েন এটা নৃত্য করার জায়গা না,1,
28832,অসাধারণ একটি ছবি পোস্ট ৷জাষ্ট অস্থির । পোস্টটি শিশুদের নাগালের বাইরে রাখুন আর যাদের চর্মরোগ আছে দিনে তিনবেলা পোস্টটি ধুয়ে পানি পান করুন আশা করি ভালো ফল পাবেন তিন বেলা খাবার পর পোস্টটি ভালো করে ঝাঁকিয়ে খাবেন জীবনে কখন অরারচাূাাগচসূরতনিহসাাআমকড রোগ বাসা বাঁধবে না ধন্যবাদ,1,
28833,সভ্য জাতির অসভ্যের মত আচরণ,1,
28836,বিকাশের নাহিদের নতুন কৌশল নাকি ?,1,
28837,মোমেন সাব আমরিকারে কয় রোহিঙ্গা শরণার্থী নিতে আর এরা আবার কি এমন ।,1,
28840,যে ক্যাপ্টেন্সি করতেছেন তাতে কাম ব্যাক করা লাগবে না । আপনাদের কথাবার্তা শুনে মনে হয় আফগানিস্থান না অস্ট্রেলিয়ার সাথে খেলতেছেন ।,1,
28844,ওরে আমার মাথা মোটা রে । কি সব সিদ্ধান্ত নিস ? ইয়াবা খাস নাকি ? ঝাঁটা ভরে দেবো তোর মুখে । এখনই সিদ্ধান্ত পাল্টা নাহলে ঝাঁটার বাড়ি মেরে শেষ করে দেবো তোকে,1,
28849,আই সি ইউ তে ছিলাম ডাক্তার তো কিছুতেই রিলিজ দিচ্ছিলো না তারপর ডাক্তার কে এই পোস্ট টা দেখালাম এখন ডাক্তার আমার বেড এ শুয়ে আছে,1,
28852,উগান্ডার প্রধানমন্ত্রী লকজ তিস্কা উস্রালা ল্কা ফাদিল্র মিন ডকুল্কা ইম্মাকা দ্রিক্সাক্সিস বলেছেন কারো নাম কঠিন হলেও পুরোটা পড়া উচিত,1,
28858,পাকিস্তানে ফখর রিজওয়ান আর বাবর বাদ দিলে বাকি ব্যাটসম্যান গুলা মিরপুর সিটি ক্লাবেও খেলার যোগ্য না ।,1,
28861,ওরা মদ খাইয়্যা ও মানুষ হইতে পারলো নাহ,1,
28862,এই জন্য বলছিলাম ইয়ার্কি না করে ডিগ্রিটা নিয়ে নে,1,
28863,হিরো দেখছি পিংক সেডো ইউজ করছে,1,
28864,অনেকদিন লকডাউন থাকায় প্রেমিক প্রেমিকা দেখা করতে পারিনাই অন্ধকারে এই জন্য এতো ভিড়,1,
28865,ডাক বিভাগ এর নামে এত টাকা খরচ করে একটা জাদুঘর বানালে ভালো হত । আগামী প্রজন্ম জানবে কোন একদিন এমন একটা বিভাগ ছিল ।,1,
28867,আইফোন কার হাতে আছে আর নাই হেডি বাদ দিয়া মুভিটা দেখেন । মজা পাইবেন ।,1,
28873,নতুন কিছু রান্দিস না মুখে দেওয়া যায় না,1,
28877,ওমা গো টুরু টুরু টুরু,1,
28879,মেসি নেইমার আর ব্রাজিল আর্জেন্টিনার কোচের পর সবচেয়ে বেশি চিন্তিত মনে হয় ব্রাক্ষণবাড়ীয়ার এসপির ।,1,
28880,ওরে বদলা লুঙ্গির সাথে কোর্ট টাই যায়না লুঙ্গির সাথে পাঞ্জাবিই মানায়,1,
28881,সবসময় হাতে করে কাঁঠাল পাতা নিয়ে ঘুরতে মন চাই । ছাগলের তো অভাব নাই,1,
28882,আগে জানতাম চাকরি সোনার হরিণ । চাকরি পাবার পর দেখি সোনার হরিণ আসলে ছুটি ।,1,
28883,এক গামলা জলে বিছুটি পাতার রস মিশিয়ে দুইজনের মাথায় ঢেলে দিন । সারা জীবন আর অভিমান করার কথা ভাববেনা । যত সব ন্যাকামো,1,
28886,সিনেমার নাম মা ওরা আমাকে টাকা না দিয়েই লাগাইতে চায় পরীমনি,1,
28889,মাসুদ তুমি কি কখনোই ভালো হবা না ?,1,
28892,আসলে বসে বসে চিন্তা করে লাভ নেই । তাই শুয়ে থেকে চিন্তা করি,1,
28896,নিজের দায়ের কোপে নিজে কখনো আত্মহত্যা করতে পারে না,1,
28897,তোর বাড্ডে শেলিবেশন টাও এবাবে করতে চাই । কিন্তু আপসোস আমাদের এলাকায় রেললাইন নেই,1,
28904,ফালতু বস্তা পচা কাহিনী,1,
28905,সুন্দর তবে আমার একশো ভাগের এক ভাগ ও না ।,1,
28907,মাদারচুতনি পবিত্র সকালে তোরে দেখলাম জানি গালিটা দিয়া ঠিক হয়নি তার পরেও দিলাম না দিয়ে পারলাম না,1,
28908,কেউ পারলে তাকে একটা ওড়না কিনে দিয়েন ! তার সব ছবি অশ্লীল !,1,
28910,প্রেমের চেষ্টা করেও ব্যর্থ ? মেয়েরা পাত্তা দিচ্ছে না ! জীবনে নেমে এসেছে চরম ডিপ্রেশন ?,1,
28912,পীর বাবার ভক্তরা বাবার নুনুর পানি খেয়ে পবিত্র হয়ে নিন পীর বাবা সোদা খা,1,
28914,ছাত্রলীগ এই কেস হাতে নেওয়ার আগে করোনার পালিয়ে যাওয়া উচিত দেশ ছেড়ে,1,
28917,শুনো এক্স এক্স এর মতই থাকবা । এসব ভিডিও দেখায় লাভ নাই আমার মন একটুও গলবে না । কারণ কবি বলে ন্যাড়া বেলতলায় একবার যায়,1,
28918,পরিমনি আপু আপনার বান্দুবির কি কোনো শারীরিক সমস্যা আছে নাকি মুখ গরুর পাছার মতো করে রাখছে কেন । ?,1,
28919,আহারে সোনা গো । সোনাটা কেমন জানি করে উঠল ।,1,
28920,প্রতিবছরের মতন অন্তত এ বছর নাটক হবেনা মনে করেছিলাম কিন্ত শেষমেষ সেটাও আর বাকী থাকলনা ।,1,
28922,আমরা করোনার চেয়ে ও শক্তিশালী ।,1,
28924,কোন দেশে বসবাস করছি । এইটারও নিউজ ?,1,
28925,এটা কৌতুক নাকি নারীবাদিগো চামচামি করলা ?,1,
28926,কেমনে পারেন ভাই ? এত তাড়াতাড়ি পলটি নিতে । দুই দিন আগেই তো বললেন বাংলালিংক এক নাম্বার নেটওয়ার্ক ।,1,
28932,আমি সবার ছোট কিন্তু তাদের কাছে সবসময় পারমিশন নিতে নিতেই শেষ,1,
28933,রিত্ত্বিক রোশন খাইয়া ছাড়ি দেওয়ার পর থেকে সে পাগল পাগল হয়ে গেছে । মাথা ঠিক নাই ।,1,
28940,বাংলাদেশের একমাত্র স্বাধীন মানুষ । যে কিনা যা মন চাই তাই করতে পারে ।,1,
28946,পরিমণি তুমি একা একা কোন রেস্টুরেন্টে যেও না । কেউ কিছু খাওয়ার প্রলোভন দেখালেও খাবে না ।,1,
28947,বরিশাল হার্ট ফাউন্ডেশনে যাচ্ছিলাম রোগী নিয়ে মাঝ পথে রোগীকে রিপেন্দ্রনাথ এর পোস্টটি দেখালাম আলহামদুলিল্লাহ সে এখন পুরোপুরি সুস্থ আমরা এখন বাসায় ফেরত যাচ্ছি,1,
28948,আজ কমেন্ট করবো কারণ আজ সবাই ভিপিএন ইউজ করে না তাই ওরা আমাকে খুঁজে পাবে না । এটা আমি এটা আমার কমেন্ট বক্স আর এটা মাল,1,
28950,যেই অকালকুষ্মাণ্ড সাংবাদিক এই রিপোর্টটা করেছে তার দুটো কিডনি বিক্রি করে শ্রুতি দান করার অনুরোধ করছি ।,1,
28951,প্রথম দশ জনের নয় জন আপনাদের গোয়াল থেকেই হবে সেটা জাতির জানা একমাত্র ভবিষ্যৎ বাণী ।,1,
28952,টাটকা দুপুরে মোহর না দেখে যারা ঘুমিয়ে পড়েন তাদের জানাচ্ছি এই ঘুম শরীরের পক্ষে হানিকর । বেকার মোটা হয়ে গিয়ে নানান অসুখ বিসুখ টেনে আনবেন । তার থেকে মোহর দেখি মন ভালো করি । সব কিছুর ভালো মন্দ আছে । আমরা মোহরের উত্তরণ তো দেখবই দেখবো ।,1,
28956,আল্লাহ এই অদ্ভুত প্রাণীটা উঠাই নাও আমিন,1,
28957,জবা যে ভাবে নিজেকে সবকিছুর সেরা প্রমাণ করছে কোনোদিন না সে বিধানসভার টিকিট চেয়ে বসে ।,1,
28959,শয়তান যখন ভালো হয়ে যাওয়ার ভান ধরে,1,
28960,বিছানার চাদর দিয়ে । জামা বানানো হলো অথচ কেউ জানলোই না !,1,
28964,বিএনপির আন্দোলনের মতো বজ্রসহ বৃষ্টিপাত কি ঈদের পর হবে  ?,1,
28965,ফেবু ডাউন সেটা আবার ফেবুতেই এসে দেখতে হয় হাইরে বিনোদন,1,
28966,একে তো গুনাহের কাজ করছে । আর আপনারাও প্রমোট করতেসেন । বাহ !,1,
28971,বিশেষজ্ঞরা বলেছে রোজ রোজ এমন ছবি একবার হলেও দেখার জন্য এতে করে শরীর মন ও ইত্যাদি জিনিস ফুরফুরে থাকে,1,
28973,নতুন পিরিতি ইসরায়েলের সঙ্গে !,1,
28977,আকাশ ভরা তারা । মারা শারা বাণীতে ওচেূং বিনোকা তলং,1,
28978,এই প্রথম কোন গাধাকে ঘোড়ার পিঠে চড়তে দেখলাম,1,
28979,পীরবাবার মাশরাফি খাস দোয়াতেই বাংলাদেশ সিরিজটা জিততে পারলো । পীরবাবার দোয়া না থাকলে সিরিজটা জেতা যাইতো না । সবই পীর বাবার ক্রেডিট ।,1,
28980,তোমরা এখন আওয়ামি ক্রিকেট লীগ ।,1,
28981,আপনাদের চ্যানেল স্টার জলসা ফ্রীতে দেওয়া উচিত ।,1,
28982,পরী আপু আবার খেলতে গিয়েছে মনে হয় সৌদী তে কোন জিনের বাদশাহর সাথে,1,
28984,ও বাবা টুরু ভূত,1,
28987,ডাক বাবা থুক্কু তেল বাবার জিন্দাবাদ,1,
28988,গরুর গোশত খেয়ে প্রেগন্যান্ট হয়ে মুড সুইং হচ্ছে হাগ্লে ঠিক হয়ে যাবে,1,
28990,দুই টাকা কামাই করে ছয় টাকার ফুটানি ! আহে কই থাইক্কা ? যাইহোক মরার আগে আবার জনগণের কাছে হাত পাতা যাতে না লাগে সেই ব্যবস্থা করে রাইখেন !,1,
28991,খুবই সুন্দর দুর্লভ মনোরম আশ্চর্যকর রহস্যময় রোমাঞ্চকর নিখুঁত ও অতুলনীয় ঝকঝকা টাটকা চকচকে জটিলতম হাঁসিমাখা একখানা ছবি,1,
28992,পথে এবার নামো সাথী এর সত্যিই পথে নামার সময় হয়ে গেছে । সারাদিন পথে নামো সাথী গান গাইতে গাইতে প্রতিবাদী নারী এবার পথে নেমে গেছে,1,
28995,নোবেল আর তুই দেখি এক গোয়ালেরই গরু ।,1,
28997,ইংলিশ টিমে অ্যান্ডারসন পিটারসন না থাকলে শিরোনাম হতো আন্ডার প্যান্ট ছাড়াই খেলছে ইংল্যান্ড !,1,
28999,পৃথিবীকে গুড মর্নিং জানিয়ে বিদায় নিচ্ছো নাকি,1,
29001,আপনার মতো সুবিধাবাদী লোক আর সবসময়ই সময়ের স্রোতে তেল মারা পাবলিক আর কখনো তেমন দেখিনি,1,
29003,আমি একহাতিকে পাঁচশো টাকা জাল টাকা দিচি শালার হাতি খুশিতে নিয়া নিচে,1,
29004,জবা করোনার ভ্যাক্সিন কবে বের করবে ?,1,
29005,ইমরুল ব্রো কি মবিল লাগিয়েছেন মুখে ?,1,
29006,আমার মনে হয় শুধু অ আ ক খ মুখস্থ করে ইউএনও হয়েছেন উনি ।,1,
29008,ষ্টার জলসার সবাই অমৃত পান করেছে নাতি পুতি হয়ে গেলেও ওদের বয়স বাড়ে না,1,
29012,আফগানিস্তানে আমেরিকা আর ন্যাটো হারলেও বাংলাদেশি সংবাদ মাধ্যম গুলা কোন ভাবেই হারতে চাচ্ছে না !,1,
29018,যাক বাবা নিশ্চিন্ত হলাম করোনার ওষুধ আবিস্কার করে তবেই জবা রানী বিদায় নেবে,1,
29021,সিডিজিতে আপনাকে সবাই শাওয়াকাটা বা সোনাকাটা পরী বলে ক্যান ?,1,
29022,বুড়া বয়সে ভীমরতি,1,
29024,বিল গেটস ডিভোর্স দিয়াও বিপদে পড়ছে । উনি আগে বুঝে নাই যে আমাদের দেশের সাংবাদিকরা উনাকে নিয়া এত পাগল হইয়া যাইবো ।,1,
29025,সাংবাদিক একটা গেলেইতো হল সব ঠিক হয়ে যাবে,1,
29028,বাড়ির পাশে ধরছে তাল নাটকটা আমার চেটের বাল,1,
29030,কলকাতার শ্রেষ্ঠ মেকাপ আর্টিস্ট এমন সাজালো এর থেকে তো আমাদের পাড়ার এরা আরো ভাল সাজায় । আর যে কত হাসাবে এরা,1,
29035,আহারে । পোলাডা কি কষ্টে আছে । চাইল ডাইলের আড়তে ম্যানেজারের চারকি লইছে ।,1,
29036,জবা জমের মুখোমুখি কবে হবে বাঁচবো সেদিন । আপদ,1,
29037,কলাগাছের সামনে দাড়ায়া গন্ধরাজের এড করলে মানুষ মানতে পারবে নাকি ?,1,
29038,ডাবওয়ালার ভাষ্যমতে যে দা দিয়ে নিজেকে আঘাত করে মারা গেছেন হাফিজ ভাই সে দা পানি দিয়ে ধুয়ে এখন ব্যবহার করছেন তিনি ।,1,
29041,তাতে আমার বাল ছেড়া গেলো,1,
29042,আহ এবার খুশিতে কিছু টাকা পাঠাবেন চাচা ?,1,
29043,খাওন এর তারীফ না করে পিঁয়াজ নিয়ে লাইগা আছে আহারে মোর বাঙালি এইজন্যেই তোমগোরে দেহায়া দেহায়া খাঁয় তোমার না পাওয়ার যন্ত্রনায় মরো,1,
29044,এটা হলো নেক্সট লেভেল বাটপারি ।,1,
29046,বোর্ড কি মাল খাইয়া একাদশ ঘোষণা করলো নাকি ?,1,
29050,দক্ষিণ আফ্রিকা সিরিজ শুধুই স্যার ময় ! সৌম্য স্যার সাব্বির স্যার শফিউল স্যার শুভাশিস স্যার এবং ইমরুল স্যার ! স্যারের কোনো অভাব নাই এই স্কোয়াড দিয়ে ম্যাচ চালানো যাবে কিন্তু ম্যাচ কিভাবে জিতবে সেটাই বড় প্রশ্ন ? সাকিব ক্লান্তির কারণে ছয় মাসের জন্য টেস্ট খেলবে না এর নেতিবাচক প্রভাবটা ভালোই পড়বে দলের উপর । দল কেমন পারফর্ম করবে সেটা নিয়েই যথেষ্ট সন্দিহান আছি । স্যালুট জানাই আমাদের রাবিশ নির্বাচক প্যানেলকে !,1,
29055,ভারত হয়তো বুঝতে পারছে যে মির্জা ফখরুল ইসলাম আলমগীরদের মতো কিছু নেতাদের উদ্বেগ আর উৎকন্ঠা থেকেও অক্সিজেন উৎপন্ন হয় তাই ভারত অক্সিজেন রপ্তানী বন্ধ করে দিছে ।,1,
29060,নিঃশ্বাস না যেন শব্দ দূষণ,1,
29061,জালেবি শুনলেই জালেবী বাই জালেবী বাই লাগে আর খেতে ইচ্ছে করে না ।,1,
29066,হাম্বাদিকদের ধইন্যবাত পাঠকদের মতামত পড়ার জন্য,1,
29067,এসব পোস্ট বাদ দেও আসো সপ্তাহের সাত দিনের নাম শিখি ! শনি রবি সোম মঙ্গল বুধ গায়ে হলুদ বিয়ে,1,
29068,না পুরা মিডিয়ার মত খাঁটি ।,1,
29069,পিয়াজের দাম শুনে নিজেই ব্যবসা শুরু করে দিলেন সাকিব,1,
29071,জয়ের প্রত্যাশা বাদ দেন বস । হারবেন তো একশো ভাগ সিউর । অন্তত লড়াই করে সম্মানজনক ভাবে হারুন ।,1,
29078,কানি নাকি প্রতিশোধ নিবে এও নাকি দেখতে হবে বিদায় পৃথিবী,1,
29081,নোবেলের সাথে যোগাযোগ করলে টাকা পেতে পারেন,1,
29082,বাবা তোমার দরবারে সব পাগলের মেলা । হরেক রকম পাগল দিয়ে মিলাইছো মেলা,1,
29085,খুবই সস্তা এবং ডি গ্রেডের নৃত্য যা দেখার পর মনে হয়ছে পৃথিবীতে নৃত্য বলে কিছু না থাকলে ভাল হত,1,
29086,এগার মাসের মধ্যে নিম্ন করোনা রোগী সনাক্ত । তার পরেও লকডাউন হাস্যকর,1,
29090,আমাদের দাবি মানতেই হবে মোহর কে ন্যাকাষষ্ঠী পুরস্কার দেওয়া হোক,1,
29092,নবাব সিরাজউদ্দৌলার আমল হইলে তোমার মনডারে আধা ঘন্টা গাছের লগে বাইন্ধা লোক ভাড়া কইরা পিডাইতাম !,1,
29096,বাবু তোমার কি শীত লাগেনা নাকি শরীর গরম করে ছবি তুলছ ?,1,
29098,আলম ভাই যে দিকে ইশারা দেয় ঐ দিকের কোন হার নাই বুঝছো ?,1,
29100,দাম দেখেই বুঝছিলাম এটা জিলাপি না জালেবি !,1,
29103,সাফার মন খারাপের জন্য সাংবাদিক সাহেব দায়ী কারণ ওবায়দুল কাদেরের সাথে সাফার একট সেলফি তুলে ঈদ মোবারক জানায়নি ।,1,
29104,খাইয়া কাজ না থাকলে যা হয়,1,
29105,একবছর ছুটি পেয়ে ভাই খুব খুশি,1,
29112,তারপর তরকারি পুড়ে যাওয়ায় স্বামীকে ডিভোর্স,1,
29113,সবাই ধীরে সুস্থ এ গালাগালি করুন কেউ ধাক্কা ধাক্কি করবেন না । সবাই মাস্ক পরে সামাজিক দূরত্ব বজায় রেখে গালা গালি করুন !,1,
29114,সেরা করে খেলে দিবি বন্ধু প্রেকটিসের সময় যে সিস্টেম গুলা শিখিয়েছিলাম এগুলা এ্যাপ্লাই করবি । পারবি বেডা তুই আর খেলতে নামার আগে একটা কল দিস । সবকিছু শিখিয়ে দিব বন্ধু ।,1,
29115,সবে তো বিয়ে হল বাচ্চা আসল কিভাবে বাচ্চা তো মানুষের বাচ্চা বলে মনে হচ্ছে না বেঁচে থাকুক শুভকামনা রইল,1,
29119,চিপা দিয়ে ঠ্যাং বের করলেই এঞ্জেলিনা জোলি হওয়া যায় না রে !,1,
29123,বুকে করে মেলা জ্বালা কেন তুমি অন্য কাউকে দাও ছোয়া ।,1,
29124,এমনিতেই নাচোনী বুড়ি তার উপর পড়তে যাচ্ছে ঢোলের বারি !,1,
29125,আপনারাই দেখেন আমাদের দেখার স্বাদ ষোল আনা মিটে গেছে ।,1,
29129,বড়লোক্স বলে ইতি টানছে মধ্যবিত্ত হলে বলতো তালাক । আর গরীব হলে বলতো ছাইড়ে দিছি,1,
29130,“ এই প্রথম বায়ু ছাড়তে বাধ্য হলো ফারিয়া” আরো কত কি !,1,
29133,আজকের ম্যাচটা ফিক্সিং করে শ্রীলংকাকে জিতিয়ে দেয়ার জন্য বিসিবি কত টাকা খেয়েছে জাতি জানতে চায় ।,1,
29136,জবা যতই চেষ্টা করুক মায়ের পায়ের জবা হতে পারবে না,1,
29138,ভাবছিলাম একদিন কমেন্ট বক্স নিয়ে নিউজ হবে ৷ মনের আশা গুলো পুরণ হতে চলেছে নাকি,1,
29140,জ্বী আমাদের মোদিজী পাকিস্তানি বিরিয়ানির অপেক্ষায় থাকে । ইমরান খান কিন্তু মোদিজীর ভাই ।,1,
29142,কষ্ট হচ্ছে বিসিবির জন্যে যে বেচারা এমন গোঁজামিল দেওয়া যুক্তি দেখিয়েছেন সাব্বিরের অন্তর্ভুক্তি নিয়ে,1,
29143,পৃথিবীর সেরা অধিনায়ক তুমি ! তোমার অসাধারণ অধিনায়কত্বের জন্য এ বছর তোমাকে নোবেল দেয়া হবে শুনতেছি !,1,
29149,উলুর পাখনা গজালে নাকি আগুনে গিয়ে পুরে মরে । কথা সত্য । নায়িকা পরী তুমিও উলুর সমতুল্য ।,1,
29151,তাহলে জাতিসংঘ ইউনিসেফ অ্যামনেস্টি ইন্টারন্যাশনাল হিউম্যান রাইটস ওয়াচ এর চেতনার দণ্ড জাগ্রত হবে না !,1,
29153,অতি অর্থের মাঝে ও সুখ নেই এটাই তার প্রমাণ মনের সুখই প্রকৃত সুখ । তরুণীরা সব আমার কাছে চলে আসো ।,1,
29154,মুড সুইং এর বেলায় আমার বক্তব্য দূরে গিয়ে মর ।,1,
29157,তাইতো কই ডাকাত তেল ব্যবসায়ীরা হঠাৎ এতো দরদ পেলো কই ?,1,
29163,আমাদের বাংলাদেশ সময় রাত আটটায় আপনাদের চ্যনেলের ধারে কাছেও যাই না ভুলবশত চলে গেলে নিজেকে ঠিক রাখতে পারি না মন বলে টিভিটা ভেঙে দি ভাইরে ভাই আপনারা এতো ধৈর্য কই পান জবা ঠাম্মার কাহিনি এবার বন্ধ করুন নাহলে আমাদের ছেলে মেয়েও আমাদের মতো পাগলের দলে চলে যাবে এটা ভাবতে ভাবতে যে এটা শেষ হবে কবে,1,
29166,আমরাও অনেক বার ছাগল চুরি করে খেয়েছি । কেউ ধরতে পারেনি । এরা ভেজালি চোর তাই ধরা পড়ে যায় ।,1,
29167,আমি একটু বলতে চায় সাকিব ভাই এর সিদ্ধান্ত কি ঠিক ছিলো ? মাঠ থেকে চলে আসলে ফলাফল কি আসতো ? ওয়াকওভার । এতে শ্রীলংকা চলে জেতো ফাইনালে আর আমরা পড়তাম বাদ । তবে তার রাগান্বিত মনোভাব টা আমার কাছে দারুণ লাগছিলো । অন্যদের থেকে সাকিব ভাই এর রাগটা একটু বেশিই । রিয়াদ ভাই এর রাগটা অনেক কম । তাই সে খেলেই আসলো । জানিনা সাকিব ভাই থাকলে কি করতো ? আর আগামীকাল জানিনা ভারত কয়জন নিয়ে মাঠে নামবে ।,1,
29169,সাত জন স্পিনার দিয়ে মাঠে বোতল টানানো যায় ম্যাচ জেতা যায় না,1,
29172,স্কুল খুইল্লা দেরে তরা স্কুল খুইল্লা দে । অনলাইনে পড়া লেখা গোল্লায় যাইতাছে,1,
29174,জাল কাটার ঝামেলা করার কি দরকার । ওকে জালেই আটকে রাখুন । পারলে জুন কিয়া কে দিয়ে আরো কটা কেস করিয়ে হাজতে পারমানেন্ট করে রেখে দিন । সেখানে অপরাধীদের শোধরাবে আর গান বাজবে হঠাৎ অন্য হাওয়া ।,1,
29175,দরকারী মানুষ ছোট বোন ভিক্ষা চাইছে কি হইছে ? দেন না ওকে একটু ভিক্ষা,1,
29176,ঠিকাছে কক পিক যেন না হয় । আর ভিতরে কাপড়,1,
29177,আহো ভাতিজি আহো,1,
29179,লিখে রাখলেও কয়েকদিন পর ভুলে যাই যে কোন খাতায় লিখেছিলাম,1,
29180,শিরোনাম এমন হলে ভালো হতো তিন টাকা বাড়িয়ে পাঁচ টাকা কম ।,1,
29181,সোনাই চরিত্রে তুমি অমর । তকদীর চেয়ারম্যান বেলগাছি ।,1,
29183,খাটে থেকে একজন সাকিব হয়ে ওঠার গল্প,1,
29185,এইটার একটাও এপিসোড দেখিনি কাহিনীও জানি না । কিন্তু এর কান্ডগুলো মিম এ যা ফেমাস । হেসেই গড়িয়ে গেলাম বলি হওয়ার পর নাকি সেলোটেপ লাগিয়ে ফিরে আইসে ?,1,
29188,ভালো হয়েছে । নেগেটিভ হলেও টেস্ট এ যখন ইচ্ছা করে পজেটিভ দেখাবে তখন বুঝবে মজা ।,1,
29193,কিছু লিখব না পাবলিক হাহা দেয়,1,
29196,পরি মনির জন্য এক যুবক আনারস আর দুধ এক সাথে খেয়ে আই সিউ তে আছে বিস্তারিত পরে আসতেছে,1,
29197,এই ধরনের সিদ্ধান্ত কিভাবে নেই বুঝে আসে না । হাস্যকর ছাড়া কিছু না ।,1,
29198,যাহ্ বাড়া বুড়ার কাম সারা !,1,
29199,প্রশ্ন হলো নান্নু এতো প্লান করে কেন ? তার প্লানিং দেখলে শুনলে শুধু মারার ইচ্ছা করে ওরে ।,1,
29200,মানুষের উপর ক্ষমতা দেখাতে দেখাতে ছাগলের উপরও ক্ষমতা দেখালো কিএক্টাবস্তা,1,
29201,অতীতে আমার আম্মু চিল্লিয়েছে বর্তমানে আমি সগৌরবে চিল্লাই ভবিষ্যতে আমার মেয়েও চিল্লাবে সেই আশা রেখে আমি আমার সংক্ষিপ্ত বক্তব্য শেষ করছি ।,1,
29203,এগুলো বাংলাদেশ ক্রিকেটের বিনোদন । আরো কত কি যে দেখার বাকি আছে ।,1,
29205,জবার ছেলে মেয়েরা এতদিন পর নানি পেলো ।,1,
29207,এসে গেছে হারর্বাল টিনা অটিস্টিক দলের দালাল,1,
29208,মানুষ ঘুম ছেড়ে এই ভোর পাঁচটা আটত্রিশে এ কমেন্ট এ গালি দিতে চলে আসছে । কি ডেডিকেশন গালিবাজদের বাবা রে,1,
29213,গরু ছাগল কোথা থেকে আসে বাংলাদেশের সংস্কৃতিটা এরা ধ্বংস করে এখন নেকামো করছে ভাবে বাঁচে না ।,1,
29216,কি ব্যাপার পরী মিয়া খলিফা মতো এইভাবে তাকিয়ে আছো কেন ?,1,
29219,তাকে নিয়ে যারা পোস্ট তারা আরো বোকা ।,1,
29222,রুপে তোমার আগুন জ্বলে,1,
29224,প্রত্যেক ম্যাচে তারে দলে কেনো নেই সেটা এখনো বুঝতে পারি না । কোটায় খেলে নাকি ।,1,
29225,ভূনা কে দেখা যাচ্ছে হিজলাদের মতো বাজে একটা নাটক,1,
29226,ওল টুনটুনিতে কষে একটা টুকা দিয়ে আয় তো পিকু,1,
29227,সারাক্ষণ বিবিসিকে কপি করার তালেই থাকেন,1,
29228,সরকারি সব প্রকল্পে কাকলি ফার্নিচার ব্যবহার করার জোরালো দাবী জানাচ্ছি,1,
29229,স্টার জলসার মাথায় বাজ পড়ুক আর করোনাও ধরুক,1,
29230,দেশের বাইর খেলত গেল তখন তো পাচা ফেটে চচির হয় যায় আর বাহাদুরী শুধু মাত্র নিজ দেশে পার ।,1,
29234,দামে বেশি মানে কম প্রথম আলো পত্রিকা,1,
29236,স্বাস্থ্যখাতের চেয়ে পকেটখাতে উন্নতির চিন্তাতে কাকা গেলো বছর থেকে ঘুমাতে পারে না,1,
29241,শিক্ষার বয়স নেই ছোট ছোটোর মত থাকবা বেশি পাকনামি করলে সোজার ইন্ডিয়ায় পাঠানো হবো ।,1,
29244,ছিঁড়ে যাবে কম্বল উড়ে যাবে বালিস । থেকে যাবে তবুও কাকুলির ঝকঝকে পালিস ।,1,
29245,মুসলিমরা যেন পরিবার নিয়ে ঈদ না করতে পারে সেই ব্যবস্থা করা হচ্ছে । নাটকীয় লকডাউন,1,
29246,একটা স্বাভাবিক ছবিও তোমার বিকৃত করে তুলতে হবে । কেনো সব কিছু তুমি আঙ্গুল বাঁকিয়ে করো । সোজা সাপ্টা চেষ্টা করো ।,1,
29248,মোনাজাত দর শালার পুতেরা,1,
29252,করোনা নাকি কমে গেছে খবরের হেড লাইন তো সুন্দর করেই দেন গুসাংবাদিক,1,
29253,স্লিপে দুইটা লোপ্পা ক্যাচ ছাড়ার পর ব্যাটিংয়ে নেমে ব্যাক টু ব্যাক ডাক তবু ম্যাচ শেষে ম্যাচ ফি পাবে ছয় লাখ টাকা । শীর্ষস্থানীয় প্রতিভাবান এই ক্রিকেটারের পক্ষ থেকে মেহনতি শ্রমিক ভাইদের মে দিবসের শুভেচ্ছা ।,1,
29255,সরকারের কি নজরে আসবে এই সমস্যা নাকি শুধু চোখ বুঝে শুনে যাবে,1,
29256,ডুবাই যার পছন্দ হয়নি উগান্ডায় তার জন্য ভালো হবে,1,
29259,মুসলমান যখন বিপদে পড়ে তখন মানুষ আল্লাহকে স্মরণ  করে । নামায পড়ে কোরআন তেলায়াত করে । আর হেতি গান গায় । করোনারে তোমি কোথায় রয়লারে ।,1,
29260,সাব্বির কি ? টেস্টের পিলার । পাগল,1,
29262,শ্রীলঙ্কারা আবাল তাই টাইগারদের বুদ্ধির সাথে বুঝে উঠতে পারছে না,1,
29266,জুলু কাকু তোমার জন্য চারুর এই অবস্থা ।,1,
29275,চশমা লাগালে তো হয়ে যায় সব দেখতে পাবেন । এতো কথার কি আছে ! একটাতে না দেখলে দুটা লাগান,1,
29278,ঐ ধনের কথা বলবেন না । কেরাম ও খেলতে পারবেনা আমার ধনের দল ।,1,
29281,উনবিংশ শতাব্দীতে যাকে আমরা হলদে পাখি হিসাবে চিনতাম বিশ শতাব্দীতে এসে সেটা গরীবের সানি লিওন হয়ে গেছে ।,1,
29282,যাক রমজানের উছিলায় বড় শয়তান বন্দী হইছে তাইলে,1,
29283,এ জাতি বড়ই আশ্চর্য্য । প্রকাশ্যে গোরুর পাছা থাপ্রায় অপ্রকাশ্যে নিজের ।,1,
29285,তুম তো ধোকে বাজ হো ওয়াদা করকে ভুল যাতে হো । !,1,
29286,রং টা লাগবে কখন ? এতো কি অপেক্ষা করা যায়,1,
29289,ক্রেতাতো দেখছি ব্ড্ড গাধা ! বাকিতে তরমুজ কিভাবে দিবে ! বাকিতে তো বাকিই থাকবে আর তরমুজে থাকবে তরমুজ ! বাকিতে তরমুজ দেয়া কি কোন দিনই সম্ভব ! আপনারা বলুনতো ভাই ।,1,
29291,ক্যাপশনে নিউজিল্যান্ড লেখা দেখতে দেখতে ভুলে গেছিলাম আমি যে বাংলাদেশে থাকি,1,
29293,সাকিব্বাই টাকা পয়সা লাগলে আমারে বললেই তো পারতেন ভাই ব্রাদার মানুষ লজ্জার কিছু নাই । এইভাবে হৈইচৈই না করলে ও চলতো,1,
29298,শেষে এসে এখানেও টানাটানি,1,
29300,পৃথিবীর সব সারপ্রাইজ এর খবর পাওয়া যায় । কিন্তু গোপনে,1,
29306,এদিকে দেশি টিকটকাররা কান্নাকাটি শুরু করছে,1,
29307,সৌম্যকে একবার অটো চয়েস করে দেখুক । পরে লিটন ফিটন কোনো খাওয়া পাবে না,1,
29310,গ্যারেজ চালায় তারপরও দালান বাড়ি,1,
29313,পাপীকে নয় পাপ কে ঘৃণা করো মনিকে নয় পরীকে ঘৃণা করো,1,
29320,হেতেরে দেখতে ডাকাইতের মতো লাগে কা !,1,
29321,আমি সেটের মডেল সরিয়ে নিজের নামের ট্যাগ বসিয়ে দিয়েছি । আমি কি পাপমুক্ত ?,1,
29325,পশু যখন লেবাস ধরে তার মত নিকৃষ্ট আর কিছুই হয় না ।,1,
29326,এরকমটা হলে বিশ্ব ধনীদের তালিকাই ধাক্কা লাগবে,1,
29333,চাব্বির ওরফে ম্যাও একদিন নিশ্চয়ই পাঁচশো রানের ইনিংস খেলবে ।,1,
29334,তিন দেশ এক মহাদেশ নাম ব্রাহ্মণবাড়িয়া ।,1,
29338,পরি মনি থেকে শুধু মনি টা দেখা যাচ্ছে । বাকি সব ঘোলা,1,
29339,বাল কাটা পরি,1,
29340,এই ভিডিও আম্মুকে দেখাইতে গিয়ে একটা চটকানা খাইছি,1,
29348,মিরপুর হার্ট ফাউন্ডেশনে যাচ্ছিলাম রোগী নিয়ে । মাঝপথে রোগীকে ভিডিওটা দেখালাম । আলহামদুলিল্লাহ সে এখন সুস্থ ।,1,
29350,অক্টোপাস আর গিরগিটি তোমারে দেখলে পুন্টুমারা খাইয়া আত্মহত্যা করব তুমি এত্ত রঙ বদলাও,1,
29351,ব্রীজের তলে তুর হামগান কি লাড়াচাড়া নগরিস যেডে এডে ।,1,
29352,এসো বেবি তুমি আর আমি রাত বার টার পর গুল্লাসুট খেলমু,1,
29353,ভাই গ্রীন পিচ এ যেন থুয়ে দৌড় দিয়েন নাহ । তারপর আবার গোলাপি বল ।,1,
29357,হিজড়াদের মতো তালি মারে কেন ?,1,
29359,যারা বলে সংসার টিকে থাকে টাকা পয়সা আর ধন সম্পদের উপর মেয়ের জন্য একটা টাকাওয়ালা ছেলে চাই তাদের জানিয়ে দিন আজ বিশ্বসেরা ধনী বিলগেটস এর বিবাহ বিচ্ছেদ হয়েছে !,1,
29365,আগে মেয়াদ উত্তীর্ণ সেবন করতো এখন মনে হয় মেয়াদযুক্ত সেবন করে ।,1,
29367,সেই উপলক্ষে জিম্বাবুয়ের সাথে পাঁচ ম্যাচ সিরিজের একটা পিকনিক দেওয়া হোক ।,1,
29371,কাপের কাছে তো যেতে পারবেন না তাই রংপুরের বাধা হয়েন না । গেইল এর সামনে বল করতে আসবেন না ছয় খেয়ে মানটা হারাবেন না । গেইল,1,
29372,আইন সবার উপ্রে ! হুহ কও যে ম্যাঁ সবার উপ্রে । আম্মুই আইন আম্মুই ফাইন৷,1,
29373,শরৎচন্দ্র কি কানে কানে আপনাকে বলে গেছে ? আমরা কেউ তো শুনি নি শরৎচন্দ্র নজরুলকে কাটুয়া বলেছেন ।,1,
29374,হেটার্সদের বড্ড জ্বালা । খুব চুলকানি বেড়েছে । তাই মলম লাগানোর জন্য ছটফট করছে ওদের আগে কমেন্ট করতে দেওয়া হোক আর মোহর ফ্যানরা তোমরা ধীরে সুস্থে সামাজিক দূরত্ব বজায় রেখে কমেন্ট করুন । এটা তো মোহরের পোস্ট । কেউ কিছু করতে পারবে না,1,
29375,আপনি এত টাকা দিয়ে দুবাই গেছেন এদিকে গরমে আমরা টাকা ছাড়াই দুবাইয়ের মজা নিতেছি,1,
29377,পুরো বিমান কিনার সামর্থ্য নেই কেজি হিসেবে বিক্রি করলে কয়েক কেজি কিনতাম ।,1,
29378,জলসার মাথা মরণ পোকায় খেয়ে ফেলেছে নিউরোলজিস্ট দেখাও জুলু সার্জারি করতে লাগবে বেঈমান নির্লজ্জ,1,
29379,ঈদের দিন বিয়ে হয়েছে সম্ভবত ঈদ মোবারক মেসেজের রিপ্লাই দিতে বসেছেন ।,1,
29380,একাংশ আরেক অংশ কই আগে নিজের ঘর ঠিক করেন ।,1,
29384,ভাই কি হাইব্রিড জাতের ? ছোটকালেও এত বিশাল দানবের মত গঠন ছিল !,1,
29385,কোন যুবতী কইন্যা ভাই ? কোন যুবক আফা ?,1,
29387,শুধু ওয়েট করতেছি যারা এখন আপনাকে নিয়ে বাহ ! বাহ ! দিতেছেন তারা খারাপ সময় কি করে । সস নিয়ে নেন আপনার খারাপ সময় তামিম ম্যাশের মতো হবে ভাই ।,1,
29388,প্রয়োজনে কমেন্ট সেকশন থেকে বিস্তারিত জেনে নেব । তবুও লিংকে ঢুকবো না ।,1,
29391,বাবু তুমি এমন পিক আপলোড করেছ কেন সবাই ভাববে তুমি প্রথমবার প্লেনে উঠেছ ।,1,
29392,মাল রাইটার মাল অভিনেত্রী,1,
29397,সবথেকে বিষাক্ত সিরিয়াল কে আপন কে পর,1,
29399,পুলিশের ডাণ্ডা অনেকদিন যাবৎ ঠাণ্ডা তো তাই ওরা আরও বেপরোয়া হয়ে উঠেছে ।,1,
29400,এই আরেকটা জবা মা থুরী জবা দাদী চলে আইছে,1,
29402,নামের আগে চায়না লাগাইয়া যত আকাম হইছে,1,
29405,তোর কি কামড় খাওয়ার শখ জাগসে ?,1,
29410,আপনাকে হাইস্কুলের শারীরিক শিক্ষা বই এর মডেল হিসেবে চাই । সাদাকালো মডেল দেখে ছেলেদের শারীরিক শিক্ষার প্রতি অনীহা চলে আসছে ।,1,
29411,আমার পোষা বিড়ালটিও প্রায় এক বছর ধরে আমাদের বাসায় ইঁদুর তাড়ানোর কাজে নিয়োজিত ছিলো ভাবছি ওকে এবার প্রমোশন দিয়ে কুকুর তাড়ানোর কাজে নিয়োজিত করবো,1,
29412,সালা বাড়ি গরীব বেটার নামে দেওয়া হক,1,
29413,এটা পড়েও যদি বিসিবি আর তাদের খেলোয়াড়দের লজ্জা না লাগে তাহলে তাদের পশু বললে ভুল কোথায় ?,1,
29414,ছেলে হলে বলব বাবা বড় হয়ে বেয়াদব সাকিবটাই হইস এই রকম ঘাড়ত্যাড়া হাজারটা চাই,1,
29415,দিঠি হচ্ছেন পূর্ণা লাইট ঢংগী মাইয়া দুদিনের এক ছোটুর জন্য মায়ের সাথে যা করছে থাপড়া দিয়ে গালের ছাল তুলে দিতে ইচ্ছে হয় ! ওর মেডিকেল পরীক্ষাটা কে দেবে,1,
29420,বাংলাদেশের মানুষ তোর মত বেকুব না যে তারে বুলু ভাসবে ।,1,
29422,ভাবছিলাম জীবনে বিয়েই করমু না কিন্তু তোমায় যতবার দেখি ততবারই বিয়ের ইচ্ছেটা বেড়েই যায়,1,
29426,কাপড় কি বুকের সাইডে কম পড়ে গিয়েছিলো পরী,1,
29427,আমরা ডোমিঙ্গোর আরও ছুটি দাবি করছি তিনি দিন রাত এক করে বাংলাদেশ ক্রিকেট টিমের জন্য পরিশ্রম করে যাচ্ছে তাই তাকে আগামী পনের বছর ছুটি দেওয়া হোক,1,
29428,এসে আর কি হবে ! সেই তো একেও রান্নাঘরে ভোগ রান্না করতে ঢুকিয়ে দেবেন !,1,
29432,হ্যালো গাইজ আই এম রাফসান দ্যা ছোটভাই । উই আর ব্যাক এগেইন লুঙী পড়ে আমারিতে !,1,
29434,এগুলো শেয়ার দিয়ে আর কাম হবোনা তুমি ফাটা বাঁশের চিপায় আটকে গেছো,1,
29436,এত হেলা কইরেন না বিশ্বে ঢাকার অবস্থান এক নম্বর পজিশনেও আছে । অবশ্য সেটা বায়ু দূষণে,1,
29437,জ্বিনের মাধ্যমে ইসরাইল কে ধ্বংস করানো হয়,1,
29441,বাংলাদেশ জাতীয় দলের ভবিষ্যৎ কান্ডারি বলে মনে হয় ।,1,
29442,এভাবে ল্যাপ্টাই আছেন কেন উঠেন । গায়ে বৃষ্টি পড়বো ।,1,
29445,করোনা যেহেতু এক জায়গা থেকে আরেক জায়গায় চলাচল করে তাই ইহা যোগাযোগ মন্ত্রণালয়ের কাজ,1,
29446,পথে এবার নাম সাথী । যতক্ষণ সিরিয়াল টা পথে না নামছে ততদিন চালিয়ে রাখুন,1,
29447,হর্তাকর্তাদের তো দুই তিন কোটিতে কিছু হবে না । চাটন দেওয়ার আগেই শেষ হয়ে যাবে । বাজেট বাড়ান । তাছাড়া ধরা পড়ার ভয়ে কাজে হাত দিবে না,1,
29452,কিকটা কই মারলো ভাভাগো দুই পায়ের মাঝখানে ?,1,
29453,জবাকে রক্ষে করো রঘুবীর ।,1,
29456,দেইখা বুঝেন না ? জম কষায় ভুগতাসে । তলওয়ারের হাতল দিয়া খোচা মাইরা ও কাজ হচ্ছে না তার,1,
29457,ফেসবুক না চালালে প্রবাসে থেকে বাংলাদেশের এতো বিনোদন কিছুতেই জানতাম না ।,1,
29458,ওরে পরিচালক রেএএএ ?,1,
29459,একটু দেরি হওয়াতে মৃত্যুর মুখে পতিত হচ্ছে বা হবে । এত মানুষের অক্সিজেন সাপ্লাই দেওয়া ও যাবে না ।,1,
29460,সহপরিবার একটা মুরগি বিক্রি হবে কারন এমবি শেষ শাকিবে পারফর্মটা তো দেখতেই হবে ।,1,
29461,মনে হচ্ছে এর আগে এই জগতে আর কেউ মা হয় নাই !,1,
29463,এরকম পোশাক আমিও পড়তে পারি কিন্তু আম্মু লাত্তি দিবে বলে পড়ি না ।,1,
29464,শেষ বয়সে ইতি টেনে তুমি কি নিজেকে পাক্কা খেলোয়াড় প্রমাণ করতে চাইতাছো,1,
29465,পোস্টের দুঃখজনক ছবিটি দেখার পর দারাজ থেকে মেয়াদউত্তীর্ণ ইঁদুরের বিষের অর্ডার করেছিলাম এখনো আসছে না কেনো বুঝতেছিনা,1,
29467,আমি ছাত্রলীগ করি তোমাকে বিয়ে করতে চাই৷,1,
29468,জীবনের গতি বোঝা যায় কিন্তু সুজনের বলের গতি বোঝা কঠিন বানীতে ইন্ডিয়ান লিজেন্ড শচীন টেন্ডুলকার ।,1,
29470,ছেকা খেতে খেতে নিরাশ তাই ।,1,
29474,তোমারে দেখলেই ক্ষুধা লাগে কেন ?,1,
29475,আওয়ামী লীগ দল তো মাওলানা ভাসানীর শেখ হাসিনার হইলো কবে ।,1,
29476,এখন আবার বইলেননা এরা সবাই আপনাগো স্টুডেন্ট,1,
29477,এখানে আমি দেখতে পারছি ড্যানি ড্যানিয়াল্স একা আর জনি সিন্স এর সব সদস্য বিন্দুদের এখন তো আপনারা বুঝতেই পারছেন এখানে কি হতে পারে ।,1,
29479,আমি তো পরী আন্টির ফলোয়ারও নই তাইলে আন্টি কিছু আপলোড বা শেয়ার দিলে আমার সামনে কেমনে আসে আমার মাথায় ধরে না,1,
29480,যাকে তাকেই যখন নিচ্ছেন এবারের শিক্ষাসফরে আমাকে একটা সুযোগ দিন ডিয়ার বিসিবি আমি ও কিছু শিখি।,1,
29481,কোন ভাই বিল গেটস এর বউকে মানবিক বিয়ে করে ফেলুন । মন্দ হবেনা ।,1,
29484,সবকিছুতে হাথুরেসিংহে কে টেনে আনা প্রথম আলোর ফ্যাশন হয়ে দাঁড়িয়েছে ।,1,
29486,বিয়া করাটা দিন দিন কঠিন করে তুলছে সোনা,1,
29490,কুকুর উইথ কুকুরের বাচ্চা,1,
29491,দুই জনের সাথেই ওই মেয়ে এক বিছানায় শুতে বাধ্য করা হোক ।,1,
29496,সফল হওয়ার সাথে এইরকম মাটিতে শুয়ে পড়ার কি সম্পর্ক ?,1,
29505,সালারে চোরের মত লাগতাছে ।,1,
29506,টিকটকের ফুড হ্যাকস ফলো করতে গিয়ে আমিও প্রচ্চুর ধরা খাইছি,1,
29507,কি কুক্ষণে যে পেজ টা ফলো করেছিলাম,1,
29509,সালা কুকুর দল ।,1,
29510,স্টার জলসা কি পারবে লীনাপিসির মতো গাঁজাখুরি লেখিকাকে বয়কট করতে ?,1,
29513,এক দেশে দুই নক্ষত্র বাঙালীর গর্ব জীবন্ত কিংবদন্তি বিশ্বনন্দিত শিল্পী সুরের যাদুকর স্যার হিরো আলম ও মাহফুজুর রহমান,1,
29516,সামাজিক যোগাযোগ মাধ্যমে বলে কি এমন ট্যাবু ভেঙ্গে ফেলছেরে ভাই ! দুই দিন পর আমি ডেইলি এতবার হাগু করি বলে ট্যাবু ভাঙবে ! আরে ভাই এটা সামাজিক যোগাযোগ মাধ্যমে প্রকাশ করার কি আছে ? যেখানে প্রকাশ করা দরকার সেখানে প্রকাশ করলেই তো হয় ! এমন না যে সচেতন করার জন্য বলা হয়ছে !,1,
29519,কিছু ছেলে আছে বিশ্বের সবচেয়ে বেশি সুন্দর মেয়েটাকে বিয়ে করলেও তার মনে হবে পাশের বাসার আন্টির কাজের বুয়াটাও তার বউ থেকে বেশি সুন্দর !,1,
29520,কেউ হাহা ব্যতীত অন্য কোন রিঅ্যাক্ট দিয়ে অপমান করবেন না,1,
29521,জুতার ফিতা বাঁধা শিখতে উগান্ডা যাচ্ছে সাত বাংলাদেশি । প্রকল্প ব্যয় পঁচাত্তর লক্ষ টাকা ।,1,
29524,কেউ তরমুজগুলো ফাটাক ।,1,
29527,উচ্চবিত্ত ওয়াইফাই মধ্যবিত্ত এমবি নিম্নবিত্ত ফ্রি ছেঁচড়া বিত্ত দোস্ত তোর হটস্পট টা একটু অন কর,1,
29528,এদিকে সরকার বলে কঠোর লকডাউন আর ব্যবসায়ীরা বলে বেচাকেনা কম বা বেশি । সব হাস্যকর,1,
29529,মনে হচ্ছে জন সমাবেশের অভাবে মাঠে কতগুলো ভূত প্রেত দাঁড়িয়ে আছে,1,
29534,কলকাতায় অনেক সার্ভার পাওয়া যায় । আমি মাননীয় বিএসএফকে বলব একটি সার্ভার এনে দেন সময় সংবাদ সাংবাদিককে,1,
29535,কাজী নজরুলের কথা বাদ দেন আপু । উনি ভুলের মাঝেই জীবন কাটিয়েছে সারাজীবন প্রত্যেকটা অবিবাহিত ছেলে ভুল করে নয় জেনে শুনেই আপনাকে চায় । উহু জীবন সঙ্গী করার জন্য নয় নিজের কামনা মেটানোর জন্য এই ছবি রাতে আপ না দিয়ে অনেক ছেলের হক নষ্ট করলেন আপনি । এর জন্যও আপনাকে হাসরের ময়দানে জবাব দিতে হবে,1,
29536,একটা সত্য কথা বলি ? আপনার মুখ আমার একটুও পছন্দ হয়নি । শীতকালের ঝড়ে পরা পাতার মত মুখ ।,1,
29537,তোমরা এগুলো হাইলাইটস করতে পারো,1,
29540,বাড়ির পাশে মুরগির খামার পরি মনি তুমি শুধু আমার,1,
29544,জবা আপু প্লিজ করনার ভ্যাকসিন আবিষ্কার করেন !,1,
29548,যে বাংলা ছবি দেখে আমার মনে হয় সে গাজাখোর,1,
29549,চোদমারানী যেখানেই যাই ওখানেই বিপদ ।,1,
29552,আমাদের দেশে গণতন্ত্র আপনাদের বন্দুকের নলের মাঝে থাকুক,1,
29562,মুখে গাল মারে কিন্তু তলে তলে সব ঠিক ।,1,
29566,রবীন্দ্রজয়ন্তী উপলক্ষেও কি রবির নতুন বউঠান দেখতে পাবো না ?,1,
29568,আগে বিশেষজ্ঞ ও সরকারী চাকুরীজিবীদের বেতন বন্ধ করে দেওয়া হোক তার পর দেখা যাবে দেশে কত পার্সেন্ট দেশপ্রেমিক লকডাউনের পক্ষে কথা বলে । ডাক্তার এবং প্রশাসন বাদে,1,
29571,আমার লাইফে দেখা সবচেয়ে জঘন্য ছবিআমি আমার তিন ঘন্টা ফেরত চাইএকটা নায়িকা কিভাবে পারে এতটা ওভার একটিং করতে শুধুমাত্র ভদ্রতার খাতির হলে বসে পর্দায় জুতা মারতে পারলাম না,1,
29573,ওআইসি আর জাতিসংঘের চেয়ে আমাগো দেশের সেনাপ্রধানের ভাইয়ের ক্ষমতায় বেশি,1,
29576,ছেড়ে দে শয়তান বাঁচাও না । এভাবে চিল্লানোর ফলে নায়ক এসে বাঁচিয়েছেন ! নইলে ওয়াঁও ওয়াঁও শুনতে হতো !,1,
29578,যে সব কর্তৃপক্ষ দূরপাল্লার বাস চলাচল বন্ধ রেখেছেন তাদেরকে জড়িয়ে ধরে চুমু খেতে ইচ্ছে করছে ।,1,
29579,করোনা করোনা খেলা,1,
29582,আমি কারো সাথে ঘুমাতে পারি না । চরি ।,1,
29583,এমপি মন্ত্রীদের বিভিন্ন বিষয় নিয়ে টকশো বা ডিবেটে দেখা যায় । কিন্তু এই যোগীকে গোমাংস সিদ্ধ বা নিষিদ্ধ নিয়ে টকশো বা ডিবেটে দেখা যায়না কেন ?,1,
29584,এক্কেবারে খাপেখাপ মোমতাজের বাপ !,1,
29586,এটাই দেখার বাকি ছিলো । দিয়ে দে না বটি দিয়ে এক কোপ ! পরের পর্বে দেখাবে নাচতে নাচতে জবার কাটা মাথা জোড়া লেগে গিয়েছে ! আর তারপর জবা চেঁচিয়ে চেঁচিয়ে বলছে তন্দ্রা সেনগুপ্ত এবার তোমার খেলা শেষ ।,1,
29588,বাচ্চাটাকে দেখেই বুঝা যাচ্ছে ও খুশি না আজ খালেদা জিয়া হলে সাকিবের মেয়ের মুখভর্তি হাসি থাকতো ।,1,
29589,বাসর ঘরের ফিলিংস ফেসবুকে আপলোড করছে !,1,
29590,বাংলাদেশে পড়লে তোমাদের খবর আছে । এই বললাম কিন্তু ।,1,
29593,বেড়ায় ক্ষেত খাইতাছে সেইটার খবর নাই উনি বাঘিনী নিয়া লাফালাফি করতাছে পারলে আফগান ওয়াশ ঠেকান,1,
29594,হাসি ভালোবাসি তাইতো রঙ মিস্ত্রি হয়েছি হাসি মুখেই,1,
29596,লেখাটি চেনা চেনা লাগছে মিন্টো রোডের কেউ বলে দিচ্ছে এবং পোষ্ট দাতা লিখছে !,1,
29599,তিতলি শেষে কিনা বিমান নাচালো ।,1,
29602,নিচের ঠোটের নিচে একটু খানি দাড়ি রাখার কারণটা জানতে চাওয়া আমার তুলসীপাতা দিয়ে ধোয়া নিষ্পাপ মন,1,
29603,অসম্ভব কে সম্ভব করা মাহফুজ ষাঁড় এর কাজ,1,
29606,আফতাব ভাই আমি রাবাদার মত বুলার বিরাট কুলির মত বেছমেন হতে চাই আমি কি করবো,1,
29607,আর কি কি তোমাকে স্ট্রং করে ? স্ট্রং হওয়ার জন্য মদ খাও বারে যাও নিজেরে খাওয়ায় হুম তুমি আরও স্ট্রং হও,1,
29609,শেখ হাসিনার আমলে বাংলাদেশ কি স্বাধীন ?,1,
29611,শালি নাই বলে আজ এমন ছবি আপলোড দিতে পারছি না ভাই ।,1,
29612,কাটার পর চেতনা জাগে এ দেশে ।,1,
29614,ওরা আমার হাফপ্যান্ট ছিঁড়ছে আগে এইটার বিচার করেন । পরে গান শোনাবেন,1,
29616,তোমাক হাংগা করতে চাই কিভাবে সম্ভব কাজের পরেই টাকা দিব,1,
29618,শাকিবের চেয়েও ওমর সানি বেশী কাঁদছে ।,1,
29619,বাংলাদেশেতো ডেইলি এই পরিমাণ টাকা মন্ত্রি মিনিস্টাররা পার্টি করতে খরচ করে ।,1,
29625,বিশ্বের চেস্ট বোলার রাশিদ খানকে কোটা পদ্ধতিতে একটা কাপ দেওয়ার ব্যবস্থা করা হোক !,1,
29628,ভাই ঘুমান নাই ? সকাল সাড়ে পাঁচটা বাজে৷ এর জন্যই তো পারফরম্যান্স খারাপ হয় ।,1,
29630,আমি ফেসবুক ব্যবহার করি অনেক দিন কিন্তু এতো সাধারণ ছবি কখনোই দেখিনি । কবে শেষ কেঁদেছিলাম মনে পড়ে না । কিন্তু সত্যি আজ এ ছবিটি দেখে কান্না আটকে রাখতে পারলাম না । মনকড়া ডিজাইন আর চমৎকার ফিনিশিং এর মাধুর্যের সাথে নিখুত পিক্সেলের দারুণ সাম্য এই ছবিটিকে প্রাণ দিয়েছে আবার মায়াভরা চাহনি দিয়েছে এক আবেগঘন সৌর্ন্দয্যের ইঙ্গিত । এই ছবিটি যদি না থাকতো তাহলে রবীন্দ্রনাথ আর নজরুল সাহিত্য রচনা করতে পারতেন না মাইকেল মধুসূদন দত্ত বুঝতেই পারতেন না তার ভুল । এই ছবিটির গোপন রহস্যের জন্য ডোনাল্ড ট্রাম্প আমেরিকার প্রেসিডেন্ট হয়ে সমগ্র বিশ্বের তিন মোড়লের এক মোড়ল হয়েছিল আলেকজান্ডার দি গ্রেট এর মনের আছে উনার যুদ্ধ জয়ের রহস্যও কিন্তু এই ছবিটির । রহস্যজনক হলেও সত্য ডন ছবিতে শাহরুখ খানকে ঠিক এভাবেই দেখা যায় । টাইটানিকের কথা মনে আছে ? টাইটানিকের সাথেও এই ছবিটির বিরাট সংযোগ রয়েছে । সত্যিই স্যালুট আপনাকে ! আবারো এই মনোমুগ্ধকর ছবিটির জন্য ধন্যবাদ ।,1,
29631,খেলারাম খেলে যা,1,
29633,পিতার ওয়ারিশ সূত্রে তিনি আওয়ামী লীগের নেতৃত্ব পেয়েছেন নাহলে ।,1,
29636,কোথায় আমাদের এলাকার ধানের কাজে তো কোনো লীগ দেখলাম না !,1,
29638,কিসের ফুডপাণ্ডা যেখানে তোমাকে অর্ডার করা যাই না,1,
29642,হায় রে সিরিয়াল । এরকম একটা টেস্ট কেউ একজয়গায় করিয়েই বিশ্বাস করে নেয় ? বাপ রে এটা দেখে আমার বাবা হওয়ার শখ মিটে গেছে…,1,
29643,ডোনাল্ড ট্রাম্পের চেহারাটা দেখতে ঠিক খেক শিয়ালের মত ।,1,
29645,ফেইক নিউজ প্রচার করবেন না কারণ এটা আগে থেকেই যাদের শারীরিক সমস্যা থাকে তাদের ক্ষেত্রে ।,1,
29648,পরেরবার অরে দিয়া মুভি বানাইলে মানুষ টিভি বাইরাইয়া ভাইঙাই ফালাইবো । আর হলে অর মুভি দেখতে গেলে একটু পরই দেখবেন হল ভাইঙা স্টুডিয়াম বানাইয়া ফালাইছো পোলাপাইন,1,
29652,এত সহ্য ধৈর্যওয়ালা বয়ফেন্ড কোথায় পাওয়া যায় ? উপস সরি আমি তো বিয়াইত্তা,1,
29654,ফিলিস্তিন ইস্যুতে প্রায় সব শ্রেনীর চাপাবাজেরা গর্ত থেকে বেরিয়ে আসে চাপাবাজী করতে ।,1,
29656,ভাবলাম এত মিল আমাদের তারপর এয়ার্টেল এর এ্যাড দেখলাম । আসলেই কোনো পরিবর্তন নেই,1,
29657,জলু কাকু এই রাত্রি বেলা আবার শুরু করেছো এই গাল ফোলা মেয়েটাকে দেখানো বন্ধ করো একে দেখলে তো বাচ্চারা ভয়ে রাতে ঘুমোতে পারবে না,1,
29659,খাসি লাগতেছে মিস্টার পজিটিভ,1,
29660,এরকম বাঁকা হয়ে ছবি আপ্লোড দিলে ছবিতে কি লাইক বেশী পড়ে ?,1,
29662,আসল কথা হলো নিজের টাকায় গরু কিনে কোরবানি দিতে কষ্ট লাগে কিন্তু অন্যজন যদি ফ্রিতে খাওয়ায় তাহলে ভিন্ন কথা,1,
29666,বিজয় নাসির মাহমুদুল্লাহ এরা জাতীয় ধারাবাহিক খারাপ খেলে এদের বাদ দেওয়া হোক,1,
29667,আমিও উদ্ভাসে চান্স পেতে চাই । ! কিভাবে পড়াশোনা করতে হবে,1,
29670,ঐ তোর মায়াবী দাঁত পাগল হয়ে যাবো,1,
29672,জবার ফেস বি লাইক এইভাবে বইস্যা হাঁড়িকাঠে গলা দিতে হইবো এইডা তুমি আগে বলবা না ? জানলে একখান টুল লইয়্যা আইতাম । মাজা ব্যাথা হইয়্যা গেল গিয়া উফফ,1,
29673,পরীর প্যান্ট পাচ্ছে না । কেউ কি দেখছেন ?,1,
29676,ইন্সটাগ্রামে ছবি আপলোড দেওয়া বন্ধ না করলে হয়তো আজ করোনায় আক্রান্ত হতো না ।,1,
29680,জানু তুমি এমনিতেই সুন্দরী এরকম করে ছবি না দিলেও পারতা,1,
29684,ওই মিয়া পারে ফেলার জাইগা না মনে?,1,
29686,প্রিয় আম্মু দয়া করে ফ্রিজে আইসক্রিমের বক্সে আদা রসুন বাটা রাখবা না ।,1,
29687,অহ । এটাতো জালেবি । থাক আমি ভাই জিলাপি খাই জালেবি না ।,1,
29688,এতো কিছুর পর ও পাশের ফ্ল্যাট কিনলো । মাথাই ঠুকলো না । সাংবাদিক মনে হয় গাঞ্জা খাইছে,1,
29690,সময় টিভির সাংবাদিকদের চাহিদা বাড়ায় বেড়েছে ইয়াবা পাচার,1,
29692,এটা আপনার ছোটবেলা হলে আমি এখনো জন্মই নেইনি,1,
29694,এ সমস্ত দখলদারের বিরুদ্ধে কেউ কিছু বললে এক শ্রেনীর লোক আবার মায়া কান্না করবে গরীব মানুষ কোথায় যাবে ইত্যাদি ।,1,
29697,চাপাবাজি বাদ দিয়া খেলায় মনোযোগ দিন ।,1,
29699,গরীবের রবীন্দ্রনাথ হওয়ার একটু প্রচেষ্টা মাত্র,1,
29700,পাসপোর্ট ইন্ডেক্স র‍্যাঙ্কিং এর তথ্য অনুযায়ী মানের দিকে মালয়েশিয়ার পাসপোর্ট এর অবস্থান বার নাম্বার ।,1,
29703,এই শালি আলোচনায় আসতে চায় তাই এই স্টান্টবাজি টুইট ।,1,
29705,সিএনজি এবার বামপার ফলন,1,
29706,এইসব পোস্ট কেন করেন পোলারা তো বড়োলোক মাইয়া পটাবে তারপর বিয়া কইরা শ্বশুরের কাছে দামি বাইক আবদার করার স্বপ্ন দেখবে এই পোস্ট দেখে,1,
29708,পরী মনি ছাড়া বাংলাদেশ নায়িকা আর আছে বলে মনে হচ্ছে না,1,
29711,নিরুপমা কি পারবে মোহর কে কার্টুন বানিয়ে মিউজিয়াম এ রেখে ধুমধাম করে শঙ্খর সঙ্গে বিদেশে পাড়ি দিতে,1,
29713,গুনগুন ভাগ ভাগ কি সব নাম ।,1,
29716,দেশের ক্রিকেটারদের প্রতি যে হারে সমালোচকদের বাতাস বইছে একটু সাবধান ভাই । লুঙ্গিটা ভালো করে ধরিয়েন । না হয় লুঙ্গি আকাশে চলে যাবে ।,1,
29718,যে ভাব নিল মনে হল অস্কার পাইল ।,1,
29719,দেখলেই খাড়া হয় খেলার ইচছা জাগে শরীরের তাপমাত্রা আটচল্লিশ সেলসিয়াস হয়ে যায় ।,1,
29720,রাতে ঘুমাতে যাওয়ার আগে আমার কাছে মোবাইলডা জমা দিয়ে যাবি দেহি ক্যামনে ঘুম আসে না,1,
29724,শিক্ষা মন্ত্রণালয় বিলুপ্ত ঘোষণা করার জোর দাবি জানাচ্ছি । এতে ছেলে মেয়েদের তাড়াতাড়ি বিয়ে হবে ।,1,
29725,হয়তো এবার বাঘ ভাল্লুক দেখে করোনা পালাবে ?,1,
29726,শালারা আজ ও হারবি বাঘছাল পড়া ছাগলের দল চার করে শালারা ভারত থেকে ফুটে যা পরের বার খেলতে এলে ভালো ভালো খেলোয়ার ভাড়া নিয়ে আসবি,1,
29727,ঠান্ডা ঘরে বসে সাধারণ মানুষের অবস্থা বুঝবেন কি করে আপনারা চোর কে বলেন চুরি কর আর গৃহস্থ কে বলেন সজাগ থাক ঈদের ছুটি তিন দিন বাড়ি যাওয়া যাবে না,1,
29729,আরে ধুর বাদ দে তর আসাআসি,1,
29731,ভালো সিদ্ধান্ত নিয়েছেন এখন মীরা ছয়শো ত্রিশ পিএম দিয়ে দেশের মাটি পাঁচ পিএম মন ফাগুন আটশো ত্রিশ পিএম দিয়ে ফেলনা চারশো ত্রিশ পিএম দিন প্লিজ সাঝেরবাতি তাড়াতাড়ি শেষ করুন দশ দেওয়া সিরিয়ালের এক আর মানা যাচ্ছেনা,1,
29736,নেইমারের শাশুড়ী কয়টা জানতে চাওয়া আমার মন,1,
29738,নেইমারের ছেড়া প্যান্ট কেনার জন্য অর্থের প্রয়োজন । ব্রাজিলের অর্থমন্ত্রণালয়ের সাথে কথা বলা হয়েছে । তারা বলেছে এ ব্যয় বহন করা তাদের জন্য কষ্টকর । তাই আমাদের ব্রাজিল ফ্যানদেরই কিছু করতে হবে । নেইমারকে সাহায্য করতে,1,
29740,বর্তমানে কিছু কিছু পোলাপান মোটর সাইকেল চালানোর সময় হুঁশ থাকে না । মনে হয় খালি নদীতে স্পিড বোর্ড চালাচ্ছে ।,1,
29743,লর্ড শান্ত বের হয়ে যেতে চাচ্ছে । দয়া করে ওরে আটকান । বনের বনে সুন্দর লর্ড শান্ত লর্ড এসোসিয়েশনে ।,1,
29749,নেটওয়ার্কিং বলতে বোঝানো হচ্ছে তুমি যেই ক্ষেত্রে কাজ করবে সেই ক্ষেত্রের বিভিন্ন গুরুত্বপূর্ণ ব্যক্তিবর্গের সাথে পরিচয় রাখা,1,
29753,নর্তকীর তারিফ খালি দালালরাই করে,1,
29754,জান্নাত তোর বাপের কেনা বাড়ি যে ডুইক্কা যাইতে চাছ্ খালি,1,
29759,হালা ফাও কারণে আমিও কম ফাসি নি ! একবার নিনা ম্যাম ক্লাস আট এর সামনে কান ধরে দাড় করায় থুয়ে দিছিলো !,1,
29760,পানি পড়া তেল পড়া আর ভক্তি ভরে মাতামাতি ।,1,
29763,মাননীয় মন্ত্রী মাহবুব আলী ভাই আপনাকে দৃষ্টি আকর্ষণ করছি বিমানের প্রতি একটু লক্ষ্য রাখবেন বিমান পরিমনির একার নয় সাথে আমাকে নিয়ে যেতে পারত পরি কিন্তু সেটা করে নাই । আর যদি এটা তার প্রাইভেট বিমান হয়ে থাকে তাহলে ভিন্ন কথা,1,
29767,নাসিরে আর মাত্র একশো রানের জন্য সেঞ্চুরি  মিস করল,1,
29770,চাঁদপুরকে সৌদিআরবের অঙ্গরাজ্য ঘোষণা করা হোক,1,
29772,আওয়ামীলীগ ধুয়া তুলসী পাতা,1,
29773,ওদের কে শাস্তি হিসাবে ছয় মাস হাসপাতালের বাথরুম পরিষ্কারের কাজ দেয়া হোক ।,1,
29777,ট্রল করাটাও পরশ্রীকাতরতার পর্যায়ে পড়ে ।,1,
29781,অনুগ্রহ করে উত্তেজিত অবস্থায় লিখবেন না বানান ভুল করবেন না । আমাদের পড়তে কষ্ট হয় । সবাই ছবি দেখে না কেউ কেউ লেখাগুলোও পড়ে ।,1,
29785,ওবায়দুল কাদের সাহেব এর সঙ্গে ড মমতাজ ম্যাডাম এর একটা পার্টির আয়োজন করা হোক ।,1,
29786,এদের একবেলা মদের বিল ওঠে দশ লাখ দুইশো কোটি টাকা ব্যাপার । যাই হোক ঢাকায় ভিক্ষাবৃত্তি খুব ভাল পেশা ।,1,
29787,প্রতিদিন সকালে সরকারি টিভি চ্যানেলে ওনার ক্রাশের গান বাজানো হতো,1,
29789,পাগলের সুখ মনে মনে আন্ধার রাইতে তারা গোনে তারা গোনা শেষ পরিমনির বাংলাদেশ ! বাংলাদেশের আকাশ ভরা তারা৷,1,
29793,বর্ষার জলে ভেসে গেলো জুলু,1,
29794,ভারতে যদি ভিরাট থাকো তাহলে বাংলায় মিমি ।,1,
29795,ঘোরার ম্রা খেয়ে বোনটি এখন শারীরিক বিকলাঙ্গ,1,
29799,নিজের থলথলে শরীর দেখে নিজেই ফিলে চলে গেছে । একটা মানুষের নিশ্বাস এতো বিশ্রী কেমনে হতে পারে !,1,
29802,ঝাঁকে ঝাঁকে জাটকা কারেন্ট জালে আটকা ।,1,
29805,তোর মত পাগল যখন আওয়ামীলীগ করিস তখন বুঝতে হবে আওয়ামীলীগ এর পতন এর সময় হয়ে গেছে । ছ্যাছরা কোথাকার । পাগল এর সুখ মনে মনে ।,1,
29808,মিষ্টি মেয়ে কবরি পরীমনির জন্য ওপারে অপেক্ষা করছে ।,1,
29809,এক সরদারজি চোর ধরেছেন । চোরের পা বেঁধে তাকে বাড়িতে রেখে তিনি থানায় এসেছেন । পুলিশ বলল আপনি শুধু পা বেঁধেছেন হাত বাঁধেননি ? না । সে তো হাত দিয়ে পায়ের বাঁধন খুলে পালাবে । অনেক ভেবে সরদারজি বললেন পালাবে না । কারণ সেও সরদার । তার ওই বুদ্ধি হবে না । লকডাউন দিয়ে আমরা বইমেলা খোলা রাখলাম কেন ? আবার বইমেলা খোলা রেখে লকডাউন দিলাম কেন ? এইটা বুঝতে সরদারজিকে ডাকতে হবে ।,1,
29812,হাতে হাত রেখে ঘুমাতে চাই পাট খেতে,1,
29814,আমনে যে বাদ এইডা কনফার্ম । আমনে যদি না জানেন তাইলে জানাই দিলাম ।,1,
29816,বিসিবির দৃষ্টি আকর্ষণ করছি দেশ এশিয়া কাপ জিতুক বা না জিতুক ! লিটনরে দুবাই থেকে আসার প্লেন ভাড়া দিবেন না প্লিজ ! অয় কেমনে দেশে আসবে সেটা অর ব্যাপার !,1,
29821,ঢঙি ঢঙ্ করে আঙুল কেটে ঘা করে ঢঙির কানে নেই দুল ঢঙি অঙ্ক কষে ভুল । এই অবস্থা,1,
29828,ছোট বেলায় মৎসকন্যার সাথে প্রেম করতে চাওয়া আমার মন !,1,
29830,জ্বিনের মাধ্যমে দেশটাকে উন্নত করানো হয়,1,
29831,যাদের কাছে ঈদের শপিং করার জন্য টাকা নাই তারা কাইন্ডলি আমার সাথে যোগাযোগ করুন সবাই একসাথে বসে ভিক্ষা করবো !,1,
29832,অন্যের জ্বলনকে কোন তথাকথিত প্রচারকারী সুখী মানুষ তখনই পাত্তা দেয় ও তা নিয়ে আবার পাবলিকলি লেখেও যখন তার সুখের উৎস নিয়ে সে নিজেই মনের অন্তরালে অনুশোচনা বা অনুতাপে ভোগে এবং তা ঢাকতে নানাবিধ ডিফেন্স মেকানিজমকে ব্যবহার করে ।,1,
29833,হারার জন্য রেডি হ,1,
29835,হার্ট অ্যাটাক না করে উপায় আছে ? প্রীতিজিন্তা চার পাঁচ দিন যাবত পেটে গ্যাসের সমস্যায় ভুগছে । এই খবরটা সময় নিউজ রিপোর্টাররা গতকাল জানিয়েছিল ।,1,
29836,নায়িকা ক্রিকেট খেলবে দিয়ে কোচের সঙ্গে প্রেম হবে দিয়ে বিয়ে হবে তারপর কোচের মা বৌদি নায়িকার বিরুদ্ধে ষড়যন্ত্র করবে নায়িকা কোচকে ছেড়ে দেবে অন্য ক্রিকেটারকে বিয়ে করতে যাবে কোচ ও আবার অন্য মহিলা ক্রিকেটারের প্রেমে পড়বে কি হবে এই প্রোমো দেখে গল্প সব একই,1,
29837,তাহারা এতোটাই সুখী দম্পত্তি ছিলো যে পৃথিবীতে একজন আরেকজনকে দিতে পারে এমন যা যা আছে সব তারা পরস্পরকে দিয়ে ফেলেছে বাকী ছিলো শুধু ডিভোর্স ।,1,
29849,গুন্ডাদের মতো হিরোকে লকেট পড়িয়েছেন কেন,1,
29853,গাঞ্জা একটু বেশি খাইছে,1,
29856,খুব সুন্দর ছবি তবে আমার মত হয়নি ।,1,
29861,ভাই বিল গেটসের ডিভোর্স নিয়েও মনে হয় ফেসবুকে এতো পোস্ট হয় নাই যতটা পোস্ট তুই মেহেরবান রিলিজের আগে করসোস ।,1,
29862,এই ছবি দেখে সকল ভাইয়ারা একটা কথাই বলবে ঢাকবা যখন দেখাইলা ক্যান ওদের কথায় কান দিবেন না আপু আপনি ঢাকেন অথবা না ঢাকেন আপনি সব সময়ই ডানা কাটা পরী ছিলেন আছেন আর থাকবেন,1,
29863,তা খবরে দেওয়ার কি আছে অই বালছাল পড়া মানুষের গুরুত্বপূর্ণ সময় নষ্ট করতেছে ।,1,
29864,মনটা ভালো নাই রে দুই বা চার কোটি টাকা পাইলে মনটা ভালো হইয়া যাইতো !,1,
29865,গুরু আপনি তো পিকনিক ই খেইলা গেলেন,1,
29867,বন্ধত্বের প্রলোভন দেখিয়ে ভারত আজীবন বাংলাদেশকে ধর্ষণই করে গেল ।,1,
29868,তোমাদের সারপ্রাইজের ঠেলায় জীবনটা সার্কাস হয়ে গেছে,1,
29869,এইটা কি তরমুজ আর বাঙ্গীর পরকীয়ার ফল নাকি ।,1,
29870,দেশের প্রায় সকল ব্যাংকের গড় সুদ এগার পার্সেন্ট হলেও তরমুজের লোনে থাকছে না কোনো সুদ,1,
29873,বেশি বেশি পুরুষ বিদ্বেষী পোস্ট দেন । এতেই জাতির জন্য কল্যাণ হবে ! আর মা দিবস পালন করা লাগবে না ।,1,
29875,নতুন করে আবার কি অমানুষ শুরু হবে আমরা তো জানি আগের থেকেই অমানুষ ।,1,
29882,দেশে সরকার থেকে শুরু করে সাংবাদিক পর্যন্ত সবই তো জাল ! সব দোষ শুধু জাল টাকার,1,
29883,আমার নিজেরও আইফোন নাই আরেকজন থেকে এক মিনিটের জন্য ধার করে কমেন্টা করলাম,1,
29888,পুরোনো ঢাকার বেশীর ভাগ মানুষ গালিটাকে শিল্পের পর্যায়ে নিয়ে গেছে ।,1,
29889,বন্যা তাজ পরীমনির ছেলের প্রতিবাদ আমি আবেগে আপ্লুত,1,
29891,খবর কম বিজ্ঞাপন বেশি প্রথম আলো পত্রিকা ।,1,
29893,আপনাদের ঠিকানাটা একটু দেন গালি লিখে একটা চিঠি পোস্ট করবে,1,
29894,বাহ্ উড়ন্ত রোমান্টিক মুহূর্ত,1,
29895,জয় জবা মায়ের জয়,1,
29896,একদিন গার্লফ্রেন্ড এর বাসায় দেখি এইটা অনেক রাগ অনেক ঝগড়াঝাটি এর পর সে আমাকে বুঝিয়ে বলে সেটা নুডলসের মসলার প্যাকেট ছিলো ।,1,
29909,নিজের গুনর্কীতন করলে সব চ্যানেলই ভাল । লাভ ইউ,1,
29912,রব চির অনাহারী তবুও ছোবো না মিথিলার মত দুষ্ট নারী ।,1,
29917,আন্ডার অ্যারেস্ট তো পুলিশ আসার আগেই হয়ে গেছে !,1,
29918,জবা যে ভাবে তাকিয়ে আছে তাতে তো মনে হচ্ছে যে যে ওকে বলি দিতে আসছে তার হার্ট অ্যাটাক হবে আর আকাশ থেকে দৈববাণী হবে যে জবা দেবশিশু অজর অমর । ওর মৃত্যু নেই । বরং জবাকে যে মারতে আসবে সেই মৃত্যু বরণ করবে ।,1,
29922,দেশে কোনো একটা ঘটনা ঘইটা গেলে নিউজ প্রেজেন্টাররা এমন নিউজ করে যেন দেশের বাইরে থাইকা আইছে । একটা ভং ধইরা থাকে যেন কিছুই জানে না । যত্তসব !,1,
29923,বাঁশ টা এখন ভালো করেই দিছে । অপরিপক্ক হলে যা হয় !,1,
29925,কাগজ টোকায় আর টেকা গুনে ৷,1,
29927,নায়িকাগুলো অপুষ্টিতে ভুগছে । একটাও সোজা হয়ে দাঁড়াতে পারে না । সব সময় কাইত্যে চিইত্যে ফটো সেশন করে ।,1,
29928,আপনি এতো এতো খাবার খান ?,1,
29931,করোনার লজ্জা থাকা উচিত ছিল ।,1,
29932,ওই সব আবালদের বেশীরভাগই পীরবাবা ম্যাছরাফির মুরিদ,1,
29933,সমস্যা নাই করোনাকে সরকার ছুটি দিছে । আপনারা সবাই ভালো ভাবে ঈদ উৎযাপন করে আসেন । তারপর আবার জনগণ বনাম করোনা খেলা হবে ।,1,
29937,এসব আবালেরা যতদিন নির্বাচক প্যানেলে থাকবে ততদিন দেশের খেলার বারটা বাজবে ।,1,
29938,জবা তুমি জবাব দাও । ! আর কত কাল চিরযুবতী থাকবে । বড়ো হিংসে হয় যে…,1,
29941,আহলে হাদিস নামে জঙ্গী গোষ্টিদের বিষয়ে কিছু লিখেন । এরা এখন বসে বসে হামাসের ভুল ধরে আর ইসরাইল কেন হামলা করছে সেটার কারন সাধারণ মানুষের কাছে ব্যাখ্যা করে ।,1,
29942,কতকগুলো উইপোকা এসে হা হা হি হি করে ন্যাকামিপনা মানে সার্কাস করবে,1,
29943,ভাই প্রথম আলো তোদের দুইখান পা ধরি এই সুজন মহাশয়ের ছবি আর দিস না । এই সালার চেহারা দেখলেও গা জ্বলে,1,
29944,পাছায় তাপ্পড় মারার সাথে সাথে যদি গরু কষাইয়া একটা লাতি মারে বুঝবেন যে গরু আপনাকে পাত্তাই দেয়নি ।,1,
29945,শুধু আমার একজন মানুষ মানা করছে উলটা পালটা কমেন্ট করতাম না । আমার কমেন্ট দেখে সে সেজন্য কিছু বললাম না পরী,1,
29947,আমি আসার সময় বুদ্ধি করে শ্রীলঙ্কা টিমকে মিরপুরে আসার জন্য দাওয়াত দিয়ে এসেছি ।,1,
